,customer_id,name,email,phone,address,registration_date,loyalty_status
0,1,Michelle Kidd,vayala@example.net,+91-xxx-xxx-xxxx,"USNS Santiago, FPO AE 80872",25-01-2025,Gold
1,2,Brad Newton,taylorcatherine@example.net,+91-xxx-xxx-xxxx,"38783 Oliver Street, West Kristenborough, MT 99752",13-07-2023,Silver
2,3,Larry Torres,dsanchez@example.net,+91-xxx-xxx-xxxx,"6845 Steele Turnpike, West Erikabury, UT 37487",18-08-2023,Bronze
3,4,Kimberly Price,jessicaknight@example.com,+91-xxx-xxx-xxxx,"1631 Alexis Meadows, Lake Amanda, CA 75179",08-12-2024,Gold
4,5,Matthew Phillips,qwilliams@example.com,+91-xxx-xxx-xxxx,"2274 Williams Heights Suite 895, Andersonhaven, OR 80565",03-02-2024,Gold
5,6,Darrell Gallagher DVM,larryharris@example.org,+91-xxx-xxx-xxxx,"19887 Brandon Bridge, New Rebecca, MA 94947",03-03-2025,Bronze
6,7,Louis Miller,patriciaelliott@example.org,+91-xxx-xxx-xxxx,"02590 Marshall Well, Sheppardland, CT 88067",30-09-2024,Gold
7,8,Melissa Galloway MD,watsonbenjamin@example.net,+91-xxx-xxx-xxxx,"209 Steven Oval Apt. 022, Mollyhaven, NC 10211",06-10-2023,Bronze
8,9,Matthew Harvey,bgaines@example.net,+91-xxx-xxx-xxxx,"60123 Davis Ford, Mistychester, WA 69400",31-10-2024,Silver
9,10,Rachel White,whitemichael@example.org,+91-xxx-xxx-xxxx,"6182 Brown Mountain, South Gary, IL 29016",25-02-2024,Bronze
10,11,Nicole Yang,archerheather@example.org,+91-xxx-xxx-xxxx,"923 Emily Mills Apt. 281, Port Roy, WI 03921",08-03-2025,Bronze
11,12,Christine Delgado,yfarrell@example.net,+91-xxx-xxx-xxxx,"PSC 4025, Box 2078, APO AA 61121",18-04-2024,Bronze
12,13,Joseph Brennan,khernandez@example.com,+91-xxx-xxx-xxxx,"8890 Keller Hills, North Paul, FM 64749",28-04-2024,Gold
13,14,Eric Thomas,spencer75@example.com,+91-xxx-xxx-xxxx,"352 Joel Extension Suite 962, New Anthony, CO 33299",09-05-2024,Bronze
14,15,Laura Perez,sdavid@example.com,+91-xxx-xxx-xxxx,"1518 Green Locks Suite 348, New Brent, FM 51849",04-12-2024,Gold
15,16,Erin Matthews,uhunter@example.net,+91-xxx-xxx-xxxx,"67623 Morgan Hollow, Hillshire, IL 78665",12-11-2023,Bronze
16,17,Melissa Alvarado,parkjohn@example.net,+91-xxx-xxx-xxxx,"USNS Austin, FPO AP 52643",24-06-2024,Gold
17,18,Mr. Ernest Dunn,kelseybrown@example.net,+91-xxx-xxx-xxxx,"3112 Lydia Freeway Suite 927, South Susan, RI 11726",27-01-2025,Gold
18,19,David Johnson,marynelson@example.org,+91-xxx-xxx-xxxx,"992 Harris Pines Suite 049, North Marychester, PW 73177",21-02-2025,Silver
19,20,Wayne Morales,qwilliams@example.com,+91-xxx-xxx-xxxx,"15344 Hill Pike, Matthewport, FL 45434",22-02-2025,Gold
20,21,Michael Vincent,jonesjeffrey@example.com,+91-xxx-xxx-xxxx,"455 Moore Orchard, New Richardhaven, RI 42023",13-06-2024,Silver
21,22,Tammie Mcgee,nsullivan@example.com,+91-xxx-xxx-xxxx,"6371 Long Path Apt. 940, South Anthonyton, MT 86683",24-10-2024,Silver
22,23,Marisa Martinez,zward@example.org,+91-xxx-xxx-xxxx,"5029 Wall Mountain Suite 847, New Chelseabury, IA 90393",29-03-2025,Bronze
23,24,Crystal Peterson,taylorcharles@example.com,+91-xxx-xxx-xxxx,"Unit 5741 Box 1124, DPO AA 18219",07-08-2023,Bronze
24,25,Jeremy Alexander,smithkevin@example.com,+91-xxx-xxx-xxxx,"1520 Reid Turnpike, Clarkville, CA 39102",13-06-2025,Silver
25,26,James Graham,chawkins@example.net,+91-xxx-xxx-xxxx,"2809 Young Squares, Lisaside, VA 53732",10-03-2024,Gold
26,27,William Morrison,browningdavid@example.org,+91-xxx-xxx-xxxx,"76577 Keith Falls, West Melissashire, NC 55275",01-08-2024,Gold
27,28,Brandon Hall,brandonhall@example.com,+91-xxx-xxx-xxxx,"8143 Robert Cove Apt. 103, Sanchezport, CO 78231",07-04-2024,Gold
28,29,Morgan Wilson,michelle12@example.net,+91-xxx-xxx-xxxx,"05880 Hudson Row, Jessefurt, KS 54128",04-11-2024,Silver
29,30,Heather Hill,qwillis@example.com,+91-xxx-xxx-xxxx,"4339 Brown Crescent, Lambchester, SD 62832",15-12-2024,Silver
30,31,Louis Beasley,bjones@example.net,+91-xxx-xxx-xxxx,"71975 Smith Drive Suite 746, Bairdmouth, MP 70886",18-09-2023,Bronze
31,32,Julie Shelton,ryanpatel@example.net,+91-xxx-xxx-xxxx,"USNS Brown, FPO AP 55711",02-12-2024,Gold
32,33,Erin Stephens,kyle83@example.com,+91-xxx-xxx-xxxx,"5911 Amy Creek Suite 329, Michaelside, CO 25722",02-08-2024,Silver
33,34,Christopher Powers,nsimmons@example.com,+91-xxx-xxx-xxxx,"27599 David Mews, Juliefort, AL 92098",09-06-2024,Silver
34,35,Rachel Lang,huntcourtney@example.org,+91-xxx-xxx-xxxx,"PSC 5662, Box 7419, APO AA 70596",13-11-2024,Silver
35,36,Christopher Clark,christopherclark@example.com,+91-xxx-xxx-xxxx,"2325 Danielle Knolls Suite 719, Gabrielleview, MT 11649",13-01-2024,Gold
36,37,Jessica Hardy,cherylray@example.org,+91-xxx-xxx-xxxx,"8293 Martin Ridges Apt. 444, Lake Erikfort, MH 63270",13-08-2024,Gold
37,38,Paul Collins,brittanychase@example.com,+91-xxx-xxx-xxxx,"895 Anthony Lodge Suite 819, North Cassandra, TX 86555",05-07-2024,Bronze
38,39,Lauren Fisher,wesley32@example.net,+91-xxx-xxx-xxxx,"9633 Victoria Loop Apt. 271, Hannahside, MS 96656",14-06-2025,Gold
39,40,Amy Gates,jesse14@example.org,+91-xxx-xxx-xxxx,"69324 Jennifer Plaza Apt. 905, Haroldview, MD 67322",24-11-2024,Gold
40,41,Breanna Elliott,mark59@example.net,+91-xxx-xxx-xxxx,"29664 Lauren Mountain Apt. 243, West Mary, NV 57114",19-11-2024,Silver
41,42,Mr. Andrew Austin,heather79@example.com,+91-xxx-xxx-xxxx,"200 Thomas Flat, South James, MP 96716",12-06-2025,Gold
42,43,Kelsey Young,mckeeconnie@example.org,+91-xxx-xxx-xxxx,"8806 Davis Fall Suite 188, East Brenda, WI 95051",04-12-2024,Gold
43,44,Travis Neal,stewartkeith@example.org,+91-xxx-xxx-xxxx,"1024 Cynthia Way, East Christina, HI 44699",13-01-2025,Bronze
44,45,Gordon Logan,robert26@example.org,+91-xxx-xxx-xxxx,"8399 Christopher Cliff Suite 911, Joshuashire, GU 04822",24-06-2023,Silver
45,46,Felicia Noble,taylorcatherine@example.net,+91-xxx-xxx-xxxx,"Unit 7244 Box 4360, DPO AP 11537",23-10-2023,Gold
46,47,Robin Hill,brownselena@example.net,+91-xxx-xxx-xxxx,"93477 Jose Ville Suite 818, Bethanyton, GA 79420",22-04-2024,Silver
47,48,Julie Hardy,robert73@example.net,+91-xxx-xxx-xxxx,"167 Lisa Orchard Suite 613, Meredithport, MT 25662",03-12-2023,Gold
48,49,Kevin Smith,joannewolfe@example.net,+91-xxx-xxx-xxxx,"346 Hill Meadow Suite 327, Port Kari, MP 75439",17-08-2023,Bronze
49,50,Valerie Lee,jason40@example.org,+91-xxx-xxx-xxxx,"805 Silva Alley Suite 967, Kennethstad, ND 46111",06-04-2025,Gold
50,51,David Garza,davidgarza@example.com,+91-xxx-xxx-xxxx,"USS Williams, FPO AA 77634",24-10-2023,Silver
51,52,Andrew Strong,matthewreed@example.com,+91-xxx-xxx-xxxx,"925 Sean Oval, East Vanessa, MS 63313",25-10-2024,Bronze
52,53,Phillip Brown,yjackson@example.org,+91-xxx-xxx-xxxx,"043 Bryant Avenue, Williamsview, WA 36043",30-05-2024,Bronze
53,54,James Phillips,lopezleon@example.org,+91-xxx-xxx-xxxx,"8743 Henderson Fields Apt. 075, New Scottview, MA 34681",25-05-2025,Bronze
54,55,Travis Stephenson,laura99@example.com,+91-xxx-xxx-xxxx,"USS Barton, FPO AA 45890",27-04-2025,Bronze
55,56,Jaime Holmes,lisa60@example.net,+91-xxx-xxx-xxxx,"44759 Torres Ridges Apt. 554, Lake Williamburgh, MH 84701",18-02-2024,Gold
56,57,Jade Murphy,mark29@example.com,+91-xxx-xxx-xxxx,"34817 Hayden Pass, North Christina, TN 32326",06-06-2025,Silver
57,58,Kathleen Gardner,ibarker@example.com,+91-xxx-xxx-xxxx,"5093 Hicks Parkways Apt. 235, New Andre, MH 65217",18-09-2023,Gold
58,59,Melissa Long,xholden@example.com,+91-xxx-xxx-xxxx,"PSC 2039, Box 9858, APO AA 70916",23-01-2025,Silver
59,60,Larry Malone,paulmunoz@example.net,+91-xxx-xxx-xxxx,"49877 Flores Burg, Lake Kimberly, ID 63294",01-10-2024,Bronze
60,61,Anthony Simon,katherinehudson@example.net,+91-xxx-xxx-xxxx,"46945 Jon Centers, Harrisport, IL 59333",17-07-2024,Silver
61,62,Linda Li,martinmonica@example.net,+91-xxx-xxx-xxxx,"8280 Powell Islands, South Ellen, PW 58728",05-04-2024,Gold
62,63,Jade Gallegos,amandabaker@example.org,+91-xxx-xxx-xxxx,"7482 Rhonda Mountains Suite 820, West Andrew, KS 63932",26-08-2024,Gold
63,64,Donna Gardner,csmith@example.org,+91-xxx-xxx-xxxx,"USCGC Sutton, FPO AE 02651",01-11-2024,Silver
64,65,Ashley Barrett,allenhowe@example.net,+91-xxx-xxx-xxxx,"553 Lewis Springs, South Christineborough, IN 90284",15-06-2025,Bronze
65,66,Brenda Malone,anncarroll@example.net,+91-xxx-xxx-xxxx,"9903 Rogers Mill, Lebury, DE 97051",21-08-2024,Gold
66,67,Amy Hogan,perry60@example.org,+91-xxx-xxx-xxxx,"5919 Daniel Coves Apt. 444, Williamsmouth, KY 47249",18-03-2025,Gold
67,68,Christopher Adkins,patricia48@example.com,+91-xxx-xxx-xxxx,"USNV Kennedy, FPO AA 06170",19-09-2024,Silver
68,69,Lori Hernandez,meganeaton@example.org,+91-xxx-xxx-xxxx,"707 Reyes Expressway, Kristentown, NC 30977",17-05-2025,Bronze
69,70,Jessica Clark,ashley38@example.org,+91-xxx-xxx-xxxx,"2245 Carrillo Gardens Suite 585, East Lisashire, WI 34517",10-06-2024,Bronze
70,71,Patrick Gibson,ashleygarner@example.org,+91-xxx-xxx-xxxx,"924 Riley Trail Suite 206, Lake Karenshire, RI 85236",13-09-2023,Gold
71,72,Rhonda Turner,jcastillo@example.net,+91-xxx-xxx-xxxx,"94652 Johnson Island Apt. 038, Amyfurt, MT 55181",04-02-2024,Silver
72,73,Cristian Hendrix,robbinseric@example.org,+91-xxx-xxx-xxxx,"58535 Jasmine Course Suite 995, East Jason, RI 44789",19-09-2024,Silver
73,74,Tony Romero,tonyromero@example.com,+91-xxx-xxx-xxxx,"92893 Lopez Key Apt. 330, South Latasha, NJ 01621",01-08-2023,Gold
74,75,Haley Jones,haleyjones@example.com,+91-xxx-xxx-xxxx,"43986 Frost Forge, East Michellemouth, FL 84797",27-12-2024,Gold
75,76,Michelle Johnston,jscott@example.com,+91-xxx-xxx-xxxx,"1516 Jason Cliff, West Stacyfurt, MD 62389",10-05-2024,Silver
76,77,Charles Johnson,william74@example.net,+91-xxx-xxx-xxxx,"2768 Sara Bridge, Lake Christopherhaven, CA 18902",18-02-2024,Bronze
77,78,Danielle Pitts,davisamber@example.com,+91-xxx-xxx-xxxx,"660 Molina Brook, Hannahmouth, AZ 65681",13-12-2023,Gold
78,79,William Morales,hubbardhannah@example.com,+91-xxx-xxx-xxxx,"1267 Jeremy Causeway Suite 700, Sydneychester, ND 06265",13-12-2023,Gold
79,80,Jason Hodge,brownamber@example.net,+91-xxx-xxx-xxxx,"18212 Tyler Circles Apt. 059, Bruceport, AL 44586",06-07-2024,Bronze
80,81,Charles Fitzgerald,nicole67@example.com,+91-xxx-xxx-xxxx,"78180 Todd Loaf, Matthewbury, MO 31158",16-01-2025,Gold
81,82,Kathy Wilson,devinvargas@example.com,+91-xxx-xxx-xxxx,"879 Lee Underpass Apt. 893, Bradleyfort, AS 32761",23-07-2023,Gold
82,83,Hector Reyes,youngkevin@example.net,+91-xxx-xxx-xxxx,"559 Jeff Harbor, Port Molly, TN 77372",13-09-2023,Gold
83,84,Tamara Lee,murrayjulie@example.com,+91-xxx-xxx-xxxx,"05734 Lester Bypass, Diamondmouth, GU 18366",14-04-2024,Gold
84,85,Joseph Potter,xhill@example.net,+91-xxx-xxx-xxxx,"801 Harrison Rue, Nicholasstad, TN 88446",27-05-2025,Bronze
85,86,Shawn Frost,bgaines@example.net,+91-xxx-xxx-xxxx,"93770 Gabriel Harbor Suite 411, Kinghaven, MO 39887",22-01-2024,Gold
86,87,John Hale,lambthomas@example.org,+91-xxx-xxx-xxxx,"668 Michael Keys Apt. 506, East Rachelland, OH 75480",18-11-2023,Silver
87,88,Rodney Cline,william79@example.org,+91-xxx-xxx-xxxx,"5978 Hopkins Highway Suite 577, Evanberg, MS 12159",11-04-2025,Gold
88,89,Megan Black,patelchristina@example.com,+91-xxx-xxx-xxxx,"49958 Samuel Spring, New Brad, IL 86545",06-01-2024,Gold
89,90,Hannah Rivera,mooredanielle@example.net,+91-xxx-xxx-xxxx,"78924 Wood Estates, Tranfurt, OK 30512",31-05-2024,Bronze
90,91,Chelsea Torres,brittney91@example.net,+91-xxx-xxx-xxxx,"42146 Valerie Hills Suite 077, Port Kevinbury, KY 02228",26-11-2023,Silver
91,92,Joseph Parks,kramertanya@example.org,+91-xxx-xxx-xxxx,"19819 Daniel Road, Vasquezburgh, NE 21885",23-06-2024,Gold
92,93,Johnny Bartlett,rebecca49@example.com,+91-xxx-xxx-xxxx,"399 John Meadows Apt. 352, Allisonburgh, NV 38488",05-11-2024,Bronze
93,94,Donald Black,patelchristina@example.com,+91-xxx-xxx-xxxx,"346 Jenna Drives Suite 811, West Michaelburgh, VA 08959",05-08-2023,Gold
94,95,Jacob Pratt,jacobpratt@example.com,+91-xxx-xxx-xxxx,"902 Christine Port, North Deanna, TN 03407",02-07-2024,Silver
95,96,Alicia Lindsey,caintroy@example.org,+91-xxx-xxx-xxxx,"01648 Angela Mews, Herreraview, ID 07839",30-05-2024,Silver
96,97,Larry Johnston,hcrawford@example.org,+91-xxx-xxx-xxxx,"8080 Peterson Shoal Suite 974, Port Lisastad, TN 52028",30-12-2023,Gold
97,98,David Day,hullchristina@example.com,+91-xxx-xxx-xxxx,"958 Randy Wall Suite 686, New Samuel, VA 24954",22-10-2023,Silver
98,99,Sherri Moore,rodney64@example.org,+91-xxx-xxx-xxxx,"0917 Harrison Drives Apt. 886, Dawsonmouth, NY 72448",02-04-2024,Silver
99,100,Aaron Irwin,wdavis@example.org,+91-xxx-xxx-xxxx,"4938 Natalie Coves Suite 528, Cookfurt, DC 27968",15-06-2024,Bronze
100,101,Amy Graham,nicolehorton@example.net,+91-xxx-xxx-xxxx,"236 Robert Mall, Stephaniemouth, ME 67219",25-02-2024,Bronze
101,102,Larry Hill,garrettrebecca@example.org,+91-xxx-xxx-xxxx,"88672 Reyes Haven, Careyshire, MA 04184",24-02-2024,Bronze
102,103,Lindsey Ruiz,yortiz@example.net,+91-xxx-xxx-xxxx,"72026 Lisa Village Apt. 143, North James, NV 39337",10-03-2025,Bronze
103,104,Jacob Williams,jacobwilliams@example.com,+91-xxx-xxx-xxxx,"Unit 8694 Box 6181, DPO AE 32297",10-07-2024,Silver
104,105,Lisa Esparza,ygibson@example.org,+91-xxx-xxx-xxxx,"2544 Martinez Circles, Knightside, FM 55589",13-01-2025,Silver
105,106,Edward Williams,gjordan@example.com,+91-xxx-xxx-xxxx,"PSC 7243, Box 5927, APO AP 54983",18-04-2024,Bronze
106,107,Robert Mercado,edward39@example.net,+91-xxx-xxx-xxxx,"80709 David Green, South Scottside, MP 10154",21-11-2023,Gold
107,108,Derrick Reeves,john24@example.net,+91-xxx-xxx-xxxx,"6134 Henson Run, Sarabury, IN 41868",04-09-2023,Gold
108,109,Ana Singleton,butlerkrystal@example.org,+91-xxx-xxx-xxxx,"9241 Chung Route, New Jamie, AZ 11340",31-03-2024,Silver
109,110,Patricia Cooper,jose29@example.org,+91-xxx-xxx-xxxx,"USNS Marshall, FPO AA 80867",10-06-2024,Silver
110,111,David Jones,asoto@example.com,+91-xxx-xxx-xxxx,"9445 Wells Mall, Jameshaven, GA 03460",11-10-2023,Silver
111,112,Mary Mccarthy,wongjacqueline@example.com,+91-xxx-xxx-xxxx,"3169 Smith Isle Apt. 669, Barbarabury, NY 47935",24-04-2025,Silver
112,113,Trevor Brown,kevin61@example.net,+91-xxx-xxx-xxxx,"184 Cervantes Stravenue, Flowersside, AZ 54726",27-05-2024,Silver
113,114,Donald Anderson,adrian29@example.net,+91-xxx-xxx-xxxx,"332 James Villages Suite 009, Brandonbury, MD 10933",11-12-2023,Bronze
114,115,Elizabeth Adkins,rodriguezmatthew@example.com,+91-xxx-xxx-xxxx,"7851 Ford Wells Apt. 473, Melissaport, PA 76864",08-03-2025,Bronze
115,116,Ashley Roman,browningkevin@example.net,+91-xxx-xxx-xxxx,"43607 Rollins Junction Apt. 394, Benjaminstad, KS 29061",21-08-2023,Silver
116,117,Mathew Adams,spowell@example.net,+91-xxx-xxx-xxxx,"1614 Joseph Ports Apt. 164, Richfurt, WY 68019",28-11-2024,Gold
117,118,Kelli King,danielmunoz@example.net,+91-xxx-xxx-xxxx,"244 Charles Greens, Lewisside, MA 77720",19-03-2025,Bronze
118,119,Danielle Walker,durancharles@example.com,+91-xxx-xxx-xxxx,"PSC 5987, Box 9196, APO AA 57791",21-03-2025,Silver
119,120,Gina Whitaker,lneal@example.org,+91-xxx-xxx-xxxx,"USNV Freeman, FPO AE 36441",04-04-2025,Bronze
120,121,Mark Williams,nnelson@example.org,+91-xxx-xxx-xxxx,"Unit 2752 Box 0172, DPO AP 69085",18-05-2025,Silver
121,122,Erika Rivera,mark70@example.net,+91-xxx-xxx-xxxx,"601 Gray Hill Suite 171, Khanchester, AZ 67197",17-01-2025,Silver
122,123,Courtney Best,kimberlyfoster@example.com,+91-xxx-xxx-xxxx,"14979 Grace Vista Apt. 198, Muellerhaven, VI 36472",19-09-2024,Bronze
123,124,Margaret Guzman,rebecca83@example.org,+91-xxx-xxx-xxxx,"PSC 1325, Box 3038, APO AA 76351",20-01-2025,Bronze
124,125,Chloe Hernandez,kathy77@example.org,+91-xxx-xxx-xxxx,"732 Joseph Run, Port Lisa, NY 99367",26-03-2025,Bronze
125,126,Sharon Alexander,huffgina@example.org,+91-xxx-xxx-xxxx,"384 Victor Shores Suite 564, Richardfurt, AL 34767",04-12-2024,Gold
126,127,Kevin Lee,michael46@example.org,+91-xxx-xxx-xxxx,"62068 Sabrina Station, Alexanderfort, NY 53764",04-04-2024,Gold
127,128,Taylor Randall,evansjohn@example.org,+91-xxx-xxx-xxxx,"PSC 8994, Box 2730, APO AE 49954",23-03-2025,Silver
128,129,Nathan Pearson,williamsjoel@example.org,+91-xxx-xxx-xxxx,"47087 Douglas Ports, Austinchester, TN 99409",08-09-2023,Bronze
129,130,Linda Gregory,chambersnatalie@example.net,+91-xxx-xxx-xxxx,"686 Tanya Mews, South Erin, IA 31132",14-02-2025,Silver
130,131,Richard Robinson,rebeccaanderson@example.com,+91-xxx-xxx-xxxx,"9264 Cheryl Village, Waynechester, CT 55686",12-02-2024,Silver
131,132,Samantha Lewis,powersbradley@example.net,+91-xxx-xxx-xxxx,"9399 Schmidt Throughway, East Dawn, MD 81036",25-03-2024,Silver
132,133,Elizabeth Williams MD,josephbrown@example.net,+91-xxx-xxx-xxxx,"384 Robert Square Suite 381, Port Andreaview, CO 87710",28-03-2025,Gold
133,134,Travis Maxwell,usilva@example.org,+91-xxx-xxx-xxxx,"814 Leonard Heights Suite 939, Lake Davidchester, WA 94885",21-10-2024,Silver
134,135,Alexandra Clements,pcruz@example.org,+91-xxx-xxx-xxxx,"60614 Morton Fields, Stephanieview, OH 80343",09-09-2024,Gold
135,136,Mark Owen,carlafry@example.org,+91-xxx-xxx-xxxx,"83372 Parker Squares, Glennshire, NC 56917",15-06-2025,Gold
136,137,Samuel Carter,linda41@example.net,+91-xxx-xxx-xxxx,"77364 Taylor Drives, Marytown, SC 10892",25-05-2025,Bronze
137,138,Thomas Wheeler,jessicasolis@example.org,+91-xxx-xxx-xxxx,"512 Hunter Ridge Apt. 080, Matthewborough, FL 26669",12-08-2023,Bronze
138,139,Christina Bishop,mclaughlinconnor@example.net,+91-xxx-xxx-xxxx,"USNV Austin, FPO AE 29521",22-09-2024,Silver
139,140,Peggy Clark,qperry@example.net,+91-xxx-xxx-xxxx,"Unit 0121 Box 8121, DPO AP 20083",07-01-2025,Bronze
140,141,Amanda Conrad,jonesjeffrey@example.com,+91-xxx-xxx-xxxx,"24869 Elizabeth Mountains Apt. 149, Whitehaven, KY 33771",11-06-2024,Silver
141,142,Lisa Morales,torresgeorge@example.net,+91-xxx-xxx-xxxx,"529 Day Ridges Suite 876, North Christopherville, PA 59897",27-10-2023,Gold
142,143,Nicholas Hardy,lewismary@example.com,+91-xxx-xxx-xxxx,"35624 Michael Motorway, Sierraland, MT 05235",30-07-2023,Bronze
143,144,Kimberly Hernandez,andrea78@example.net,+91-xxx-xxx-xxxx,"869 Jacqueline Shoals Apt. 564, Allenton, SD 75993",19-11-2023,Bronze
144,145,Christopher Gonzalez,richardslisa@example.net,+91-xxx-xxx-xxxx,"237 Sergio Rue, Jessicamouth, MH 27674",29-11-2024,Gold
145,146,Jonathan Burton,michelleglenn@example.net,+91-xxx-xxx-xxxx,"49729 Maynard Viaduct Suite 884, North Amber, CO 37039",17-05-2025,Silver
146,147,Elizabeth Phillips,dana59@example.org,+91-xxx-xxx-xxxx,"65742 Schwartz Crossing Suite 318, Jesusshire, ND 01878",22-10-2023,Silver
147,148,Jason Bautista,rodney43@example.org,+91-xxx-xxx-xxxx,"6042 Samuel Field Suite 767, Andersonview, IN 36249",12-05-2024,Gold
148,149,Mr. Timothy Mills DDS,xthompson@example.net,+91-xxx-xxx-xxxx,"810 Turner Pass Apt. 686, North William, FM 90760",07-07-2023,Gold
149,150,Pamela Juarez,underwoodjackie@example.net,+91-xxx-xxx-xxxx,"USNS Wolf, FPO AE 65625",19-02-2024,Gold
150,151,Beth Martinez,christopher84@example.com,+91-xxx-xxx-xxxx,"PSC 3709, Box 0367, APO AP 04860",15-05-2024,Bronze
151,152,Jennifer Warren,susan83@example.com,+91-xxx-xxx-xxxx,"10934 Corey Villages Apt. 352, Stricklandside, TX 66861",24-05-2024,Silver
152,153,Ashley Jacobs,lcharles@example.org,+91-xxx-xxx-xxxx,"3544 Garcia Glen Apt. 995, Holmesbury, DC 95497",18-06-2024,Bronze
153,154,Patrick Coffey,alison41@example.com,+91-xxx-xxx-xxxx,"121 Sarah Road, North Daniel, IN 41716",30-06-2024,Gold
154,155,James Levine,carterricky@example.net,+91-xxx-xxx-xxxx,"8485 Clark Via Suite 324, Jeffersonborough, FL 17968",08-03-2025,Gold
155,156,Kenneth Hoffman,philipryan@example.org,+91-xxx-xxx-xxxx,"951 Laura Walks Apt. 936, West Jack, CO 95090",26-09-2024,Gold
156,157,Adam Abbott,bmoreno@example.com,+91-xxx-xxx-xxxx,"671 Jackson Extension, Gutierrezmouth, AR 96068",18-12-2023,Silver
157,158,Luis Savage,richard43@example.com,+91-xxx-xxx-xxxx,"699 Sarah Squares, Burgessshire, MD 15113",15-04-2025,Silver
158,159,Austin Chavez,jesusmanning@example.com,+91-xxx-xxx-xxxx,"0489 Ortiz Trafficway Suite 876, North Charles, TX 25210",27-06-2023,Bronze
159,160,Melissa Moore,aaron26@example.org,+91-xxx-xxx-xxxx,"1674 Ramos Orchard Suite 118, Prattchester, AR 35457",26-01-2024,Bronze
160,161,Mary Barron,bassstanley@example.net,+91-xxx-xxx-xxxx,"4605 Moore Island, Julieville, TX 39650",15-09-2024,Silver
161,162,Michael Phillips,dillon00@example.org,+91-xxx-xxx-xxxx,"PSC 2333, Box 8395, APO AA 76148",13-06-2024,Silver
162,163,Holly Kelly,nreyes@example.org,+91-xxx-xxx-xxxx,"93900 Rachel Row, Marshallborough, NC 46843",26-07-2024,Bronze
163,164,Dr. Michelle Washington,snyderdavid@example.org,+91-xxx-xxx-xxxx,"69374 Kevin Falls, New Anthony, NC 01785",08-05-2024,Bronze
164,165,Martin Carter,taylor41@example.org,+91-xxx-xxx-xxxx,"208 Baxter Hill, South Alexport, IN 88581",23-05-2025,Bronze
165,166,Christopher Taylor,brendaalvarez@example.org,+91-xxx-xxx-xxxx,"8133 Trevor Station, Rhondaside, CT 00911",20-08-2024,Gold
166,167,Jeffrey Arnold,nreed@example.com,+91-xxx-xxx-xxxx,"765 Miller Cove Apt. 358, Port Darrenville, FL 41008",01-04-2024,Silver
167,168,Dr. Nicholas Gonzalez,jasonharrington@example.org,+91-xxx-xxx-xxxx,"6874 Christopher Village Suite 491, North Scottland, NH 36604",04-12-2024,Silver
168,169,Christine Dorsey,tamidavis@example.net,+91-xxx-xxx-xxxx,"667 Wilson Orchard Suite 785, Joshuamouth, MO 32120",29-03-2025,Bronze
169,170,Lisa Torres,zroberts@example.net,+91-xxx-xxx-xxxx,"5811 Micheal Flats Apt. 266, Lake Dannymouth, OR 48710",21-10-2023,Silver
170,171,Andrew Carter,rdominguez@example.org,+91-xxx-xxx-xxxx,"3836 Christy Mountain, Moorehaven, PR 42134",30-10-2024,Silver
171,172,Kyle Serrano,leejennifer@example.org,+91-xxx-xxx-xxxx,"1302 Berger Hills, North Daniel, GA 21472",27-03-2024,Gold
172,173,John Perkins,tyler16@example.org,+91-xxx-xxx-xxxx,"7298 Monroe Dam, Lynnmouth, IA 63834",13-03-2025,Silver
173,174,Kelly Garner,mosskevin@example.org,+91-xxx-xxx-xxxx,"6770 Jade Loop Suite 025, New Jacquelinetown, AL 33958",08-01-2024,Silver
174,175,Hector Smith,dblanchard@example.net,+91-xxx-xxx-xxxx,"59147 Hernandez Roads, Port Jeremystad, GU 06583",22-10-2024,Bronze
175,176,Alexandra Williams,katherinerobinson@example.org,+91-xxx-xxx-xxxx,"11069 Maria Parkways Suite 034, Ryantown, ID 76602",28-06-2024,Silver
176,177,Alyssa Sanchez,mrobinson@example.com,+91-xxx-xxx-xxxx,"25278 Hicks Divide Suite 439, Elizabethstad, AZ 26903",06-05-2024,Gold
177,178,Michael Long Jr.,julieproctor@example.com,+91-xxx-xxx-xxxx,"3591 Samantha Circle Suite 117, Bennettburgh, ME 70457",26-04-2024,Silver
178,179,Tracey Smith,karen86@example.net,+91-xxx-xxx-xxxx,"083 Graham Mall Apt. 598, New Johnberg, MT 47638",04-07-2023,Gold
179,180,Tanya Garcia,robertjohnson@example.net,+91-xxx-xxx-xxxx,"138 Kathy Skyway, Perezview, TX 37198",24-12-2023,Gold
180,181,Dana Howard,williamwalsh@example.org,+91-xxx-xxx-xxxx,"303 Spencer Extensions, Angelton, MD 12555",27-02-2024,Bronze
181,182,Donald Thomas,changjulie@example.org,+91-xxx-xxx-xxxx,"789 Fisher Lodge, West Laurenmouth, MH 00530",31-10-2024,Silver
182,183,Jacob Garcia,olsenamy@example.com,+91-xxx-xxx-xxxx,"USCGC Schwartz, FPO AP 74066",27-04-2024,Gold
183,184,Katherine Howe,fryneil@example.org,+91-xxx-xxx-xxxx,"47920 Griffin Island Suite 341, East William, DE 22861",13-03-2025,Gold
184,185,Mikayla Morrison,wyattwallace@example.org,+91-xxx-xxx-xxxx,"8701 Fisher Village, North Marychester, WA 30554",10-08-2023,Bronze
185,186,Amanda Salazar,annahowell@example.com,+91-xxx-xxx-xxxx,"2696 Laura Walk Apt. 575, Port Natalie, MA 35406",26-11-2024,Silver
186,187,Larry Beck,imartin@example.com,+91-xxx-xxx-xxxx,"601 Virginia Dam Suite 249, Nelsonshire, MP 33749",09-06-2024,Bronze
187,188,Christopher Hernandez,willie58@example.org,+91-xxx-xxx-xxxx,"8616 Amber Pike Suite 128, East Chelseastad, AS 17617",15-01-2025,Bronze
188,189,Michelle Pham,thomas56@example.net,+91-xxx-xxx-xxxx,"31166 Mackenzie Street, East Vanessa, WA 55652",11-01-2025,Bronze
189,190,Joshua Williams,anthony13@example.com,+91-xxx-xxx-xxxx,"042 Huff Roads Apt. 613, Lake Tiffany, NV 20878",12-12-2023,Silver
190,191,Ryan Henderson,lisa16@example.com,+91-xxx-xxx-xxxx,"7779 April Rue Apt. 159, Christopherbury, GA 20951",09-04-2025,Silver
191,192,Jeffrey Holland,sheila53@example.com,+91-xxx-xxx-xxxx,"69465 Tiffany Harbor Suite 409, Port Brian, WV 63970",28-10-2024,Silver
192,193,Lauren Lowe,warrenmegan@example.net,+91-xxx-xxx-xxxx,"970 Heather Squares, East Paige, IN 87694",02-03-2024,Gold
193,194,Stanley Miller,rkeller@example.com,+91-xxx-xxx-xxxx,"44758 Monica Corner Apt. 469, Lake Elizabeth, HI 39251",17-11-2023,Gold
194,195,Stephanie Ruiz,frederickandrew@example.org,+91-xxx-xxx-xxxx,"082 Pratt Stravenue Suite 923, Donaldhaven, AR 98162",31-12-2023,Silver
195,196,Lauren Kline,kallen@example.org,+91-xxx-xxx-xxxx,"2606 Linda Spur Apt. 350, Davidmouth, SD 56801",10-07-2024,Bronze
196,197,Kevin Evans,jerry88@example.com,+91-xxx-xxx-xxxx,"1082 Anthony Tunnel, Lindaborough, MS 89741",05-08-2024,Silver
197,198,Gregory Leon,jameslee@example.org,+91-xxx-xxx-xxxx,"5762 Parker Freeway Apt. 905, Port Kennethberg, AK 37786",01-01-2025,Bronze
198,199,Mary Hays,xthompson@example.net,+91-xxx-xxx-xxxx,"631 Christina Crescent Apt. 866, Walterside, DC 89763",08-05-2025,Silver
199,200,Sarah Brown,thomasjohnston@example.com,+91-xxx-xxx-xxxx,"6903 Monica Cove Suite 303, Jasonhaven, PR 14478",25-07-2024,Silver
200,201,Christine Waller,melissa65@example.com,+91-xxx-xxx-xxxx,"048 Jacqueline Gardens Apt. 811, Dianabury, AS 65883",22-02-2025,Silver
201,202,Tracey Armstrong,orichard@example.org,+91-xxx-xxx-xxxx,"8179 Moses Forge Suite 381, Sanchezberg, AR 30080",07-09-2023,Bronze
202,203,Richard Shaffer,emalone@example.org,+91-xxx-xxx-xxxx,"5278 Carson Avenue, South James, MS 40916",05-10-2023,Silver
203,204,Michael Norris,whitesarah@example.com,+91-xxx-xxx-xxxx,"93358 Griffith Coves, Huffland, PR 52951",06-10-2023,Silver
204,205,Timothy Ball,clarkrobert@example.org,+91-xxx-xxx-xxxx,"23501 Barbara Row Suite 231, Lake Allison, MO 60905",25-10-2024,Bronze
205,206,Christopher Sanchez,jasmine14@example.com,+91-xxx-xxx-xxxx,"43879 White Pike, Loriland, NJ 35550",20-01-2025,Gold
206,207,Michelle Burns,julie84@example.com,+91-xxx-xxx-xxxx,"10711 Sabrina Cliff Apt. 457, Roblesland, PR 19578",08-01-2024,Silver
207,208,Michael Robinson PhD,zjackson@example.net,+91-xxx-xxx-xxxx,"167 Reed Fall Suite 928, Port Arthurtown, NM 18018",21-03-2024,Bronze
208,209,Benjamin Choi,eric60@example.net,+91-xxx-xxx-xxxx,"07147 Carla Tunnel Suite 550, South Wendy, MN 56146",21-11-2024,Silver
209,210,Steven Little,stevenlittle@example.com,+91-xxx-xxx-xxxx,"98653 Patel Brook Suite 801, North Pamela, VA 64279",09-11-2024,Gold
210,211,Larry Miller,shannon34@example.org,+91-xxx-xxx-xxxx,"000 Cox River Apt. 756, Levineburgh, FM 77498",18-04-2024,Silver
211,212,Andrea Harris,lucas50@example.net,+91-xxx-xxx-xxxx,"04344 Mary Point, Robertland, NY 04590",23-04-2025,Silver
212,213,Robert Flowers,patrickpowell@example.net,+91-xxx-xxx-xxxx,"1574 Edward Skyway, Smithbury, AR 01018",31-10-2024,Gold
213,214,James Richardson,lisathomas@example.org,+91-xxx-xxx-xxxx,"147 Flynn Brook Suite 487, Ericksonmouth, RI 44875",30-08-2023,Bronze
214,215,David Baker,andersonscott@example.com,+91-xxx-xxx-xxxx,"5386 Park Valleys Suite 887, Johnsonhaven, GA 79098",21-06-2024,Bronze
215,216,Jonathan Mcintyre,baileyjames@example.org,+91-xxx-xxx-xxxx,"Unit 6819 Box 5672, DPO AE 26000",26-01-2025,Gold
216,217,Mrs. Laura Hernandez,bclark@example.com,+91-xxx-xxx-xxxx,"41669 Alison Keys, Alexanderstad, OK 01044",22-09-2024,Silver
217,218,Sharon Reynolds,kempjustin@example.org,+91-xxx-xxx-xxxx,"23627 Brown Hills Apt. 797, Washingtonberg, CA 57523",01-05-2024,Silver
218,219,Elizabeth Sullivan,alexandracastro@example.org,+91-xxx-xxx-xxxx,"67548 Sharp Burg, West Jimmymouth, VT 18884",29-11-2024,Gold
219,220,Edward Foster,ann04@example.com,+91-xxx-xxx-xxxx,"1682 Kerry Plains, North Luis, TN 68172",26-07-2024,Silver
220,221,Mackenzie Boyd,swilliams@example.net,+91-xxx-xxx-xxxx,"1684 Wade Flats, Moodyview, VT 38011",04-03-2024,Bronze
221,222,Michelle Anderson,krystal28@example.com,+91-xxx-xxx-xxxx,"97628 Devin Junction, Dawsonview, HI 82368",08-08-2024,Bronze
222,223,Tanner Thomas,megan11@example.net,+91-xxx-xxx-xxxx,"32317 Jennifer Ferry Suite 618, Jessemouth, AK 23666",05-06-2024,Silver
223,224,Megan Rojas,shall@example.org,+91-xxx-xxx-xxxx,"84551 Edwards Harbors, Rosalestown, DC 35555",14-01-2025,Gold
224,225,Justin Patterson,zmcdonald@example.org,+91-xxx-xxx-xxxx,"281 Terry Ports Suite 790, Kimberlymouth, NC 70991",16-07-2024,Silver
225,226,Ryan Thompson,ryanthompson@example.com,+91-xxx-xxx-xxxx,"62857 Anne Trafficway Suite 294, New Anthony, MP 17429",28-03-2025,Gold
226,227,Eric Reynolds,nbrown@example.com,+91-xxx-xxx-xxxx,"9084 Zachary Meadows, West Dale, WV 54027",23-09-2023,Gold
227,228,Alexis Gardner,navarromark@example.com,+91-xxx-xxx-xxxx,"3317 Steven Orchard Apt. 963, East Jamesland, GA 19265",08-12-2023,Gold
228,229,Wendy Anderson,spencerkristina@example.com,+91-xxx-xxx-xxxx,"9098 Doris Course Apt. 339, Morrisshire, DC 26972",23-03-2025,Gold
229,230,Tyler Velazquez,kathrynharris@example.net,+91-xxx-xxx-xxxx,"61344 Jennifer Unions Suite 031, Eriktown, NM 32136",29-09-2024,Gold
230,231,Jeffrey Alvarez,dunnrobert@example.net,+91-xxx-xxx-xxxx,"80418 Miller Locks Apt. 605, Jeffreyton, PA 86139",12-12-2023,Gold
231,232,Jennifer Payne,andrewforbes@example.com,+91-xxx-xxx-xxxx,"012 Zachary Mission Apt. 205, Murphyhaven, PR 22085",31-05-2024,Silver
232,233,Brad Clark,vhensley@example.com,+91-xxx-xxx-xxxx,"6055 Carroll Dale Apt. 948, Mathewschester, NH 82899",02-07-2024,Gold
233,234,Andrew Miranda,gatesdonna@example.org,+91-xxx-xxx-xxxx,"4104 Tracy River, Sandraborough, WV 09864",07-08-2023,Silver
234,235,Jennifer Arellano,khernandez@example.com,+91-xxx-xxx-xxxx,"675 Snow Port Suite 686, Gonzalezshire, NV 15874",08-11-2023,Gold
235,236,Melissa Bryan,mooredanielle@example.net,+91-xxx-xxx-xxxx,"6245 Timothy Village Apt. 972, New Steven, RI 47937",18-02-2025,Silver
236,237,Christopher Bell,eric67@example.com,+91-xxx-xxx-xxxx,"5721 Jeffrey Port, Jonesshire, TX 56909",15-11-2024,Silver
237,238,Mark Keller,ipadilla@example.com,+91-xxx-xxx-xxxx,"PSC 7865, Box 1397, APO AE 96166",25-10-2023,Gold
238,239,Michael Warren,morenodakota@example.com,+91-xxx-xxx-xxxx,"256 Adrienne Corners, Amyton, OH 06579",05-03-2025,Bronze
239,240,Jocelyn Brandt,jocelynbrandt@example.com,+91-xxx-xxx-xxxx,"50829 Case Pine, Christopherside, ND 87541",14-08-2023,Gold
240,241,Miguel Pitts MD,patriciaelliott@example.org,+91-xxx-xxx-xxxx,"1462 Emily Road, East Blakeport, DC 03297",18-11-2023,Silver
241,242,Whitney Peterson,lisa34@example.net,+91-xxx-xxx-xxxx,"6261 John Drive, Pattonberg, NV 71007",17-04-2025,Silver
242,243,Nancy Rubio,ehendricks@example.org,+91-xxx-xxx-xxxx,"8943 John Fall Apt. 944, West Tanner, UT 22368",29-09-2024,Bronze
243,244,Mary Martin,baileybaker@example.com,+91-xxx-xxx-xxxx,"83654 Anderson Via Apt. 805, Raymondhaven, OR 91026",11-04-2024,Bronze
244,245,Jaclyn Owens,edward23@example.com,+91-xxx-xxx-xxxx,"4679 Diaz Haven Suite 175, Brandychester, MI 92081",29-08-2024,Bronze
245,246,Charles Graham,kennethmoore@example.net,+91-xxx-xxx-xxxx,"6121 Wright Underpass, South Toddbury, CO 11795",27-04-2024,Silver
246,247,Connie Alexander,richarderic@example.org,+91-xxx-xxx-xxxx,"2846 Rogers Forks Suite 077, Rosariobury, NH 19309",02-12-2023,Gold
247,248,Emily Jackson,jchristian@example.net,+91-xxx-xxx-xxxx,"8533 George Plains, Port John, GA 74711",13-04-2025,Gold
248,249,Vanessa Gould,meyerelizabeth@example.net,+91-xxx-xxx-xxxx,"95954 Berry Isle Apt. 662, Bryantmouth, MI 93777",04-01-2025,Gold
249,250,Jeffrey Rogers,omar69@example.net,+91-xxx-xxx-xxxx,"1978 Barnes Turnpike, Lake Kaylaborough, VA 69787",10-02-2025,Gold
250,251,Jonathan Hernandez,jonathanhernandez@example.com,+91-xxx-xxx-xxxx,"PSC 5796, Box 7390, APO AP 24704",26-09-2024,Silver
251,252,Andrea Jones,john59@example.com,+91-xxx-xxx-xxxx,"02310 Schultz Junction Apt. 165, Port Tanyastad, WY 30994",28-03-2024,Bronze
252,253,Mary Schneider,yoconnor@example.net,+91-xxx-xxx-xxxx,"Unit 0740 Box 4483, DPO AA 60517",18-02-2024,Silver
253,254,Maria Salazar,garnold@example.com,+91-xxx-xxx-xxxx,"8768 Stephanie Springs Suite 584, North Crystalton, WY 87750",05-01-2025,Silver
254,255,Misty Romero,ucrawford@example.org,+91-xxx-xxx-xxxx,"878 Sheppard Stream Suite 368, Staceyview, MH 08601",20-12-2023,Bronze
255,256,Jennifer Bonilla,grahammadeline@example.net,+91-xxx-xxx-xxxx,"Unit 0493 Box 9031, DPO AP 01455",17-10-2023,Silver
256,257,Donna Roberts,melindamoss@example.org,+91-xxx-xxx-xxxx,"3700 Diana Views Suite 628, South Nicole, KY 77668",24-01-2024,Silver
257,258,Jesus Lucas,wsmith@example.org,+91-xxx-xxx-xxxx,"7606 Le Landing Apt. 728, Lake Raymondhaven, SC 95733",01-12-2023,Silver
258,259,John King,kmullins@example.org,+91-xxx-xxx-xxxx,"1756 Robinson Dale, North Tina, SD 69227",04-04-2024,Gold
259,260,Steven Valenzuela,brandon83@example.com,+91-xxx-xxx-xxxx,"PSC 5788, Box 8999, APO AA 24956",02-02-2025,Gold
260,261,Kristi Clarke,wgreen@example.org,+91-xxx-xxx-xxxx,"767 Ralph Pass, East Michelle, FL 17450",09-05-2025,Gold
261,262,Julia Ingram,derrickcruz@example.org,+91-xxx-xxx-xxxx,"2876 Cox Village, West Jonmouth, AK 63438",09-01-2024,Bronze
262,263,Amy Wilson,umorris@example.net,+91-xxx-xxx-xxxx,"2892 Edward Oval Apt. 027, Amandafurt, NC 52635",11-03-2024,Silver
263,264,Charles Noble,crystaldavis@example.com,+91-xxx-xxx-xxxx,"793 Judy Road, South Meagan, OR 35852",13-03-2025,Bronze
264,265,Angela Morris,jamesstone@example.com,+91-xxx-xxx-xxxx,"48558 Stevenson Shoals Suite 335, Pamelafort, KY 04298",22-04-2025,Bronze
265,266,Leah Gonzalez,angela76@example.com,+91-xxx-xxx-xxxx,"9511 Paula Place, East Williamville, MS 56549",06-10-2023,Silver
266,267,Tara Cox,heatherpatel@example.net,+91-xxx-xxx-xxxx,"4962 Patricia Avenue Apt. 761, Smithtown, WV 91221",12-12-2024,Gold
267,268,Michelle Hooper,jonathan17@example.net,+91-xxx-xxx-xxxx,"08653 Wright Summit, Johnland, KY 35664",19-04-2024,Silver
268,269,Jessica Scott,ricky97@example.com,+91-xxx-xxx-xxxx,"870 Brett Alley Suite 545, Wilsonburgh, AK 82301",06-03-2024,Silver
269,270,David Gilmore,andersoncaitlin@example.com,+91-xxx-xxx-xxxx,"21158 Travis Forges Apt. 061, Tuckerfort, SC 45078",06-03-2024,Silver
270,271,Nicholas Turner,ipalmer@example.org,+91-xxx-xxx-xxxx,"1125 Smith Island, Alvaradoborough, ID 39192",24-04-2025,Silver
271,272,Brenda Webster,barbara87@example.com,+91-xxx-xxx-xxxx,"4661 Robert Haven, Port Patricia, FM 58652",28-11-2023,Gold
272,273,Angie Howard,matthew47@example.org,+91-xxx-xxx-xxxx,"8119 Williams Lakes Apt. 545, New Timothy, TN 30820",18-12-2024,Gold
273,274,Bradley Phillips,kristen01@example.org,+91-xxx-xxx-xxxx,"83415 Ross Points Suite 681, South Jimmy, OH 51465",25-07-2023,Bronze
274,275,Scott Munoz,michelle55@example.net,+91-xxx-xxx-xxxx,"4231 Christopher Meadows, Lake Christopher, WI 42852",05-04-2024,Gold
275,276,Justin Jennings,qstephens@example.net,+91-xxx-xxx-xxxx,"7107 Campbell Villages, Shelbymouth, MI 48271",19-11-2023,Silver
276,277,Benjamin Williams,josephferguson@example.net,+91-xxx-xxx-xxxx,"99695 Pope Ports, Brownmouth, VI 96863",30-01-2025,Silver
277,278,Adriana Larson,qbennett@example.net,+91-xxx-xxx-xxxx,"450 Smith Lodge, Armstrongtown, MA 95229",24-12-2023,Silver
278,279,Heather Perez,torreselizabeth@example.org,+91-xxx-xxx-xxxx,"PSC 8319, Box 2867, APO AP 64975",13-01-2024,Gold
279,280,Sarah Miller,greenkimberly@example.net,+91-xxx-xxx-xxxx,"88446 Jessica Loaf, Lake Todd, NE 16926",04-10-2023,Gold
280,281,Cameron Davis DDS,ghanson@example.net,+91-xxx-xxx-xxxx,"930 Brown Branch, New Davidmouth, OH 12055",11-10-2023,Bronze
281,282,James Jensen,jamesjensen@example.com,+91-xxx-xxx-xxxx,"774 Lauren Squares, Costahaven, IA 17042",07-01-2025,Gold
282,283,Steven Price,yrivera@example.net,+91-xxx-xxx-xxxx,"844 Tracy Glens, Thompsonberg, IL 81137",05-06-2025,Gold
283,284,Jennifer Hill,jenniferhill@example.com,+91-xxx-xxx-xxxx,"9922 Ronald Ridges, Lake Rachel, MH 97898",04-06-2025,Bronze
284,285,Timothy Roberts,timothyroberts@example.com,+91-xxx-xxx-xxxx,"947 Singh Summit Apt. 802, Johnsburgh, CO 65026",24-10-2023,Gold
285,286,Chris Washington,myork@example.com,+91-xxx-xxx-xxxx,"957 Danielle Passage, Tammyton, FM 47260",22-02-2024,Bronze
286,287,Johnny Macdonald,kenneth82@example.net,+91-xxx-xxx-xxxx,"Unit 5857 Box 7015, DPO AA 65905",31-10-2024,Gold
287,288,Andrea Bell,davisstephanie@example.org,+91-xxx-xxx-xxxx,"721 Diana Keys, Elizabethtown, CA 02128",30-08-2023,Bronze
288,289,Manuel Walker,ryanconrad@example.org,+91-xxx-xxx-xxxx,"Unit 4022 Box 0814, DPO AP 88509",30-05-2025,Bronze
289,290,Tony Barnes,daniel85@example.com,+91-xxx-xxx-xxxx,"162 Jeffrey Rapids, Lindsaymouth, OH 43140",19-09-2024,Gold
290,291,Adam Cook,jacksonsuzanne@example.net,+91-xxx-xxx-xxxx,"334 Cheryl Manor, New Allen, MI 73722",01-03-2025,Bronze
291,292,Luis Crawford,eric89@example.org,+91-xxx-xxx-xxxx,"3807 Eric Islands Suite 636, Skinnerberg, NV 95837",06-06-2025,Bronze
292,293,Michelle Holland,cwilliams@example.com,+91-xxx-xxx-xxxx,"366 Chaney Canyon Apt. 981, Fischermouth, HI 81481",20-04-2025,Gold
293,294,Sarah Porter,sarahporter@example.com,+91-xxx-xxx-xxxx,"251 Lisa Rue Suite 975, Rodriguezchester, AR 39896",31-08-2023,Bronze
294,295,Tara Murphy,mary41@example.com,+91-xxx-xxx-xxxx,"83442 Joshua Fork Apt. 148, Schmidtfort, MA 76993",09-11-2024,Silver
295,296,Tara Webb,sheila70@example.org,+91-xxx-xxx-xxxx,"94923 Laura Rue, Stewarttown, ND 63165",03-06-2025,Silver
296,297,Bryan Marshall,daniel62@example.net,+91-xxx-xxx-xxxx,"86370 Charles Loop Apt. 517, Madelineborough, WV 97499",30-06-2024,Silver
297,298,Teresa Alexander,smurphy@example.net,+91-xxx-xxx-xxxx,"679 Isabella Garden, Dustinview, GA 15586",17-04-2024,Gold
298,299,Deborah Mason,qconner@example.org,+91-xxx-xxx-xxxx,"09591 Sharon Glens, Lake Stephaniefurt, WA 79398",26-12-2024,Bronze
299,300,Mary Rich,michael88@example.org,+91-xxx-xxx-xxxx,"9240 Warner Spurs Apt. 158, Jimmymouth, SD 98508",19-12-2023,Gold
300,301,Michael Schroeder,jefferygarcia@example.org,+91-xxx-xxx-xxxx,"9529 Zachary Parkways Suite 978, North Gabrielbury, MI 42304",27-09-2023,Bronze
301,302,David Watson,evansbradley@example.com,+91-xxx-xxx-xxxx,"0525 Rivers Wells Apt. 655, West Christopher, OR 23013",01-06-2024,Gold
302,303,Wesley George,maria99@example.org,+91-xxx-xxx-xxxx,"8688 Charles Flat, South Samuelland, TN 99286",09-05-2025,Bronze
303,304,Ryan Farley,ybartlett@example.org,+91-xxx-xxx-xxxx,"1738 Katie Locks Apt. 002, Jodyburgh, VI 91996",09-07-2024,Silver
304,305,William Baker,kelleykenneth@example.net,+91-xxx-xxx-xxxx,"06951 Allison Crossroad Apt. 226, Anthonybury, LA 62012",17-02-2024,Bronze
305,306,Sheryl Ramirez,edwardelliott@example.net,+91-xxx-xxx-xxxx,"USNS Saunders, FPO AE 87393",07-10-2024,Bronze
306,307,Courtney Reed,xhopkins@example.net,+91-xxx-xxx-xxxx,"8858 Joshua Square Suite 148, Johnbury, OH 85434",04-09-2024,Gold
307,308,Cindy Edwards,wroman@example.net,+91-xxx-xxx-xxxx,"8509 Bradley Square Apt. 218, New Michaelchester, OK 47633",04-10-2023,Silver
308,309,Samuel Hill,sandersbruce@example.org,+91-xxx-xxx-xxxx,"57572 Everett Camp Suite 741, East Gabrielle, FM 08580",10-02-2024,Gold
309,310,Amy Holland,johngarcia@example.net,+91-xxx-xxx-xxxx,"679 Cabrera Mission Apt. 743, Port Jillian, AR 49650",22-03-2025,Bronze
310,311,Joseph Conley,greenkimberly@example.net,+91-xxx-xxx-xxxx,"495 Donna Causeway, Port Jeffery, CT 15311",02-06-2024,Bronze
311,312,Anthony Edwards,qsmith@example.com,+91-xxx-xxx-xxxx,"USS Gallagher, FPO AA 93881",17-06-2023,Gold
312,313,Tracey Dawson,heather72@example.com,+91-xxx-xxx-xxxx,"629 Keith Street Suite 248, Crawfordborough, ND 76771",28-12-2024,Gold
313,314,Craig Winters,kaufmanangela@example.com,+91-xxx-xxx-xxxx,"879 Kirk Lodge Suite 401, Jamesview, NC 76500",10-07-2024,Silver
314,315,Jason Williams,campbelladam@example.org,+91-xxx-xxx-xxxx,"702 Pennington Shore Apt. 725, Bethbury, OR 76901",20-05-2024,Bronze
315,316,Anthony Brooks,rebecca93@example.com,+91-xxx-xxx-xxxx,"306 Fuller Stravenue, North Davidmouth, GU 94689",12-06-2024,Gold
316,317,Christopher Brown,zwells@example.org,+91-xxx-xxx-xxxx,"3621 Sean Branch Suite 935, New Jason, HI 63485",16-08-2023,Silver
317,318,Jade Guerrero,jadeguerrero@example.com,+91-xxx-xxx-xxxx,"2807 Coleman Unions Suite 682, West Christineborough, TX 24899",20-12-2024,Silver
318,319,Travis Hall,alvarezconnor@example.org,+91-xxx-xxx-xxxx,"97620 Gary Mountain, Ryanside, AS 29147",19-01-2025,Gold
319,320,Christopher Jackson,katherine50@example.org,+91-xxx-xxx-xxxx,"32751 Bishop Bridge Apt. 014, New Scott, VT 37271",12-11-2023,Gold
320,321,Ronald Torres,jason82@example.net,+91-xxx-xxx-xxxx,"5198 William Courts, Hollowayfurt, CO 54266",23-12-2024,Bronze
321,322,Sarah Marshall,hfreeman@example.net,+91-xxx-xxx-xxxx,"71961 Julie Fort, Fieldsbury, LA 84048",29-11-2024,Silver
322,323,Kevin Wilson,richard32@example.org,+91-xxx-xxx-xxxx,"65285 Carolyn Parkways, Lake Anthony, AS 15970",14-03-2024,Gold
323,324,Allen Lee,vincent73@example.org,+91-xxx-xxx-xxxx,"280 Mitchell Passage, New Vanessa, AL 56030",24-01-2025,Silver
324,325,Jason Mendoza,seanlopez@example.com,+91-xxx-xxx-xxxx,"06413 Giles Islands, Jacksonfort, WI 90566",19-12-2023,Bronze
325,326,Jennifer Robinson,zturner@example.net,+91-xxx-xxx-xxxx,"63023 Cordova Manor, Lake Gilbert, MI 34307",05-03-2025,Bronze
326,327,Jennifer Rodriguez,davidjulie@example.net,+91-xxx-xxx-xxxx,"5724 Mills Motorway, Destinyland, UT 99292",03-03-2024,Gold
327,328,John Chang,brandon54@example.org,+91-xxx-xxx-xxxx,"89091 Laura Lodge Suite 510, West Paige, LA 44763",28-09-2023,Gold
328,329,Wendy Mcbride,holtdawn@example.com,+91-xxx-xxx-xxxx,"31049 Jerry Haven, Port Matthewchester, FL 56932",13-03-2025,Gold
329,330,Mary Kline,freemanchristopher@example.com,+91-xxx-xxx-xxxx,"668 Dylan Meadows Suite 147, Sheilaburgh, TX 19215",19-06-2024,Bronze
330,331,Margaret Douglas,jennifer04@example.net,+91-xxx-xxx-xxxx,"94033 Manuel Corners Apt. 771, Hernandezport, SD 60061",15-06-2024,Gold
331,332,Tanner Reed,griffithdiane@example.com,+91-xxx-xxx-xxxx,"USS Smith, FPO AE 40831",25-11-2023,Bronze
332,333,Kelly Farmer,gmartin@example.com,+91-xxx-xxx-xxxx,"4758 Allen Streets Suite 999, East Mark, PA 29522",06-03-2025,Silver
333,334,Ronald Chang,gjones@example.org,+91-xxx-xxx-xxxx,"22249 Matthew Plains, Bradleyborough, KY 81183",07-04-2025,Gold
334,335,Joseph Gonzalez,vadams@example.org,+91-xxx-xxx-xxxx,"USNS Edwards, FPO AE 89987",28-11-2023,Bronze
335,336,Michael Middleton,josephsmith@example.com,+91-xxx-xxx-xxxx,"344 Robert Via Suite 549, Stanleyfurt, PW 53697",02-02-2024,Gold
336,337,Jessica Jacobson,kortiz@example.org,+91-xxx-xxx-xxxx,"4097 Jenkins River Suite 958, Perezfurt, IL 72251",30-12-2023,Bronze
337,338,Timothy Ponce,kevin61@example.net,+91-xxx-xxx-xxxx,"7275 Jones Mountain, South Stacytown, WI 28774",25-03-2025,Silver
338,339,Mary Olson,margaretatkinson@example.net,+91-xxx-xxx-xxxx,"0472 Wright Brook, Anthonybury, AS 75534",24-07-2024,Gold
339,340,Gary Blair,emilyschmidt@example.net,+91-xxx-xxx-xxxx,"97300 Susan Estate Apt. 700, Kaitlynfort, PA 56424",15-11-2023,Bronze
340,341,Jeremiah King,craigperez@example.org,+91-xxx-xxx-xxxx,"15162 Ingram Mission, Lake Paulton, VI 32454",22-07-2024,Gold
341,342,Eric Wright,laurarose@example.net,+91-xxx-xxx-xxxx,"903 Knox Run Suite 136, Hessbury, ND 71119",24-02-2025,Silver
342,343,Angela Jefferson,steven44@example.org,+91-xxx-xxx-xxxx,"4975 Washington Alley, East Thomas, GA 73527",21-10-2023,Bronze
343,344,Eric Merritt,jessica52@example.com,+91-xxx-xxx-xxxx,"8586 Adam Oval Suite 658, South Megan, VA 09885",10-01-2025,Gold
344,345,Amy Brewer,fmccormick@example.net,+91-xxx-xxx-xxxx,"8819 Joseph Coves Suite 078, New Samanthamouth, CA 02654",20-07-2023,Gold
345,346,Chad Brown,marygilmore@example.com,+91-xxx-xxx-xxxx,"PSC 5668, Box 7057, APO AE 28514",14-07-2024,Gold
346,347,Timothy Alvarez,anthony80@example.net,+91-xxx-xxx-xxxx,"39071 Thomas Circle Suite 848, New Gregoryton, MT 97664",22-08-2024,Silver
347,348,Shawn Alvarez,bassjacob@example.net,+91-xxx-xxx-xxxx,"USCGC Long, FPO AP 89920",26-08-2023,Bronze
348,349,Tonya Miller,tedwards@example.org,+91-xxx-xxx-xxxx,"6235 Carolyn Island, Christinaport, WI 98929",24-11-2023,Silver
349,350,Carolyn Kramer,pecktony@example.com,+91-xxx-xxx-xxxx,"750 Susan Dale, Lake Ashleyville, MS 37533",19-10-2023,Silver
350,351,Mary Simmons,brownjacqueline@example.com,+91-xxx-xxx-xxxx,"USS Jarvis, FPO AP 91319",17-02-2025,Bronze
351,352,Michael Donaldson,colleenfarley@example.org,+91-xxx-xxx-xxxx,"485 Brandi Orchard Apt. 608, Port Daniel, LA 41413",19-08-2024,Silver
352,353,Theresa Webster,kimberly51@example.org,+91-xxx-xxx-xxxx,"316 Andrew Harbors Suite 169, West Kellieberg, NV 92716",17-11-2023,Gold
353,354,Tyrone Burke,todd12@example.org,+91-xxx-xxx-xxxx,"184 Barron Hill Apt. 996, Port Erica, NV 76772",21-10-2023,Bronze
354,355,Carlos Fisher,ithomas@example.net,+91-xxx-xxx-xxxx,"6768 Scott Turnpike, Johnmouth, PW 74158",08-03-2024,Bronze
355,356,Sean Miller,kristy49@example.org,+91-xxx-xxx-xxxx,"691 Thomas Stravenue, Port Randallhaven, OH 91597",22-04-2024,Bronze
356,357,Cory Clark,johnsonlori@example.net,+91-xxx-xxx-xxxx,"61738 Ferguson Harbor, South Alejandra, TX 55600",29-07-2023,Gold
357,358,Joe Chen,spencerjames@example.net,+91-xxx-xxx-xxxx,"172 Hartman Extension Apt. 403, Lake Katieview, AS 06728",03-05-2025,Silver
358,359,Maria Evans,pthomas@example.net,+91-xxx-xxx-xxxx,"7861 Lewis Tunnel, West Lisa, WA 48475",17-08-2024,Bronze
359,360,Holly Wright,muellerjill@example.net,+91-xxx-xxx-xxxx,"949 Perez Dale Apt. 485, East Eric, IA 61690",07-07-2023,Gold
360,361,Troy Downs,jessicasolis@example.org,+91-xxx-xxx-xxxx,"29692 Bauer Circles Suite 429, Daviston, OH 27364",14-02-2025,Bronze
361,362,Heather Rhodes,jennifergarrett@example.net,+91-xxx-xxx-xxxx,"006 Campos Neck Apt. 722, East Joseph, GA 15305",15-09-2023,Silver
362,363,Joseph Gonzalez,andrewrodriguez@example.com,+91-xxx-xxx-xxxx,"54579 Jennifer Harbor, Mariaport, MT 62086",02-12-2023,Bronze
363,364,James Cervantes,scarroll@example.net,+91-xxx-xxx-xxxx,"4626 Michele Ports Suite 152, Lake Patricia, CT 17339",30-12-2023,Silver
364,365,Jon Hebert,joshua05@example.com,+91-xxx-xxx-xxxx,"651 Christopher Forest, Port Jacqueline, HI 89514",31-10-2023,Silver
365,366,Valerie Norris PhD,smithlinda@example.org,+91-xxx-xxx-xxxx,"PSC 2620, Box 2037, APO AP 84683",05-01-2024,Gold
366,367,Jacob Johnson DDS,velasquezwilliam@example.org,+91-xxx-xxx-xxxx,"6098 Mason Plaza Suite 701, West Briannaland, MS 05237",20-06-2023,Silver
367,368,Micheal Hess,michealhess@example.com,+91-xxx-xxx-xxxx,"07256 Johnson Row, East Rebecca, GU 81645",16-12-2023,Bronze
368,369,Robert Rogers,nathan77@example.net,+91-xxx-xxx-xxxx,"93905 Ashlee Burgs Apt. 411, Port Rachaelmouth, AK 55241",18-10-2023,Silver
369,370,Aaron Lewis,robinsonrachel@example.net,+91-xxx-xxx-xxxx,"42809 Farmer Heights Apt. 621, Jamieborough, MT 00903",24-05-2025,Gold
370,371,Laura Smith,yoconnor@example.net,+91-xxx-xxx-xxxx,"8622 Pamela Keys, Lewisborough, IA 61803",17-03-2025,Silver
371,372,Jennifer Nelson,troy37@example.org,+91-xxx-xxx-xxxx,"66986 April Mountains, Lake Amy, DE 77179",08-10-2023,Gold
372,373,Kevin Middleton,xcole@example.org,+91-xxx-xxx-xxxx,"6135 Amanda Drive Apt. 544, Osborneburgh, CT 09279",30-04-2025,Silver
373,374,James Dunn,ericlopez@example.com,+91-xxx-xxx-xxxx,"24493 Smith Spring, North Henry, SD 56829",17-03-2025,Silver
374,375,Carrie Bennett,josephsmith@example.com,+91-xxx-xxx-xxxx,"86877 Smith Stravenue, Dawsontown, TN 16794",04-02-2025,Gold
375,376,Luis Marshall,jonathancastro@example.org,+91-xxx-xxx-xxxx,"04858 Harris Parks Suite 061, Robertfurt, AS 13593",24-12-2023,Bronze
376,377,Fred Pierce,youngkevin@example.net,+91-xxx-xxx-xxxx,"Unit 2514 Box 2066, DPO AP 73812",17-12-2023,Silver
377,378,Michael Singh,jennifer95@example.net,+91-xxx-xxx-xxxx,"97409 Joshua Rapids, Bakerport, GA 23426",25-10-2024,Silver
378,379,Jessica Woodward,pearsonbrady@example.net,+91-xxx-xxx-xxxx,"88969 Pratt Heights, South Todd, OR 21155",24-12-2023,Bronze
379,380,Katherine Weiss,joneskatherine@example.net,+91-xxx-xxx-xxxx,"191 Lori Spring Suite 339, Nicholasville, MA 26895",25-05-2024,Silver
380,381,April Caldwell,spencer75@example.com,+91-xxx-xxx-xxxx,"24485 Samuel Port, Deannamouth, MS 78637",12-09-2024,Silver
381,382,Suzanne Hopkins,leekeith@example.org,+91-xxx-xxx-xxxx,"077 Maxwell Parkway Apt. 575, West Donaldburgh, VA 27108",10-05-2025,Silver
382,383,Miranda Pham,aliciamorris@example.com,+91-xxx-xxx-xxxx,"8282 Mary Forest Apt. 281, Amymouth, WI 71635",13-07-2023,Silver
383,384,Charlotte Ryan,frankbarrera@example.com,+91-xxx-xxx-xxxx,"143 Harris Mills, Riveratown, MH 52449",09-05-2024,Silver
384,385,Katherine Brown,taylorcharles@example.com,+91-xxx-xxx-xxxx,"987 Caitlin Club, Harrisville, WV 42076",26-03-2025,Silver
385,386,David Martin,teresaellis@example.com,+91-xxx-xxx-xxxx,"USNV Robles, FPO AE 76430",29-08-2024,Bronze
386,387,Melissa Lopez,michaelbennett@example.com,+91-xxx-xxx-xxxx,"4399 Lisa Overpass Suite 895, Lake Rachelborough, IA 69800",20-04-2024,Silver
387,388,Jennifer Knox,paulcalhoun@example.org,+91-xxx-xxx-xxxx,"23014 Graves Manors Suite 517, Lake Krista, OK 72054",17-09-2024,Silver
388,389,Kiara Marshall,hayesjoshua@example.com,+91-xxx-xxx-xxxx,"7026 Bowers Ramp, Gloriamouth, PW 12476",12-04-2025,Silver
389,390,Jennifer Church,jenniferchurch@example.com,+91-xxx-xxx-xxxx,"7024 Dustin Hollow, East Mariaburgh, TX 82934",29-06-2024,Bronze
390,391,Diana Williams,salazarmichael@example.net,+91-xxx-xxx-xxxx,"32302 Mcknight Ridges Suite 827, South Louistown, OK 14627",09-01-2025,Bronze
391,392,Angela Stephens,btorres@example.org,+91-xxx-xxx-xxxx,"920 Zachary Oval, Port Kimberlyshire, CA 02129",11-06-2024,Bronze
392,393,Samantha Hardy,neilsmith@example.net,+91-xxx-xxx-xxxx,"PSC 3076, Box 7121, APO AA 12737",17-09-2024,Gold
393,394,Michael Juarez,deborahschmitt@example.com,+91-xxx-xxx-xxxx,"065 Huffman Flat, East Michael, NH 86560",09-06-2024,Silver
394,395,Meghan Bradley,pottsethan@example.net,+91-xxx-xxx-xxxx,"41664 Kelly Mill, West Edwin, RI 50551",02-08-2023,Silver
395,396,John Willis,xjenkins@example.org,+91-xxx-xxx-xxxx,"53449 Benjamin Fall Suite 951, Lake Corey, WI 71009",13-07-2023,Silver
396,397,William Pittman,amber63@example.org,+91-xxx-xxx-xxxx,"61190 Monique Spur Suite 059, Port Susan, PA 27136",01-10-2024,Gold
397,398,Christopher Baxter,amills@example.com,+91-xxx-xxx-xxxx,"5402 Bonnie Terrace, Lake Michaelfort, GA 92899",14-09-2024,Silver
398,399,Melissa Brooks,lauren02@example.net,+91-xxx-xxx-xxxx,"34191 Hughes Gardens Apt. 222, East Lindafurt, PA 93163",15-08-2023,Silver
399,400,Alejandro Romero,david51@example.com,+91-xxx-xxx-xxxx,"303 Garcia Extension, Lake Rebeccaberg, MO 28901",12-10-2024,Bronze
400,401,Catherine Davis,sthompson@example.net,+91-xxx-xxx-xxxx,"27542 Norman Rue Apt. 487, East Jamesside, MA 14058",09-01-2025,Gold
401,402,William Adams,amymooney@example.com,+91-xxx-xxx-xxxx,"12320 John Isle Apt. 007, South Michael, SD 72530",10-03-2024,Bronze
402,403,Benjamin Lara,stephaniewilcox@example.com,+91-xxx-xxx-xxxx,"0737 Cindy Gateway, Lake Gavin, SD 56523",10-04-2024,Silver
403,404,Pamela Golden,elizabeth18@example.org,+91-xxx-xxx-xxxx,"35475 Brittney Common, Christopherland, RI 66899",03-09-2023,Bronze
404,405,Michael Johnson,sanchezann@example.net,+91-xxx-xxx-xxxx,"Unit 0208 Box 6940, DPO AE 29408",02-08-2023,Silver
405,406,Edgar Davis Jr.,hannahleach@example.net,+91-xxx-xxx-xxxx,"5205 Williams Greens, Brownville, MP 88911",22-08-2024,Bronze
406,407,Margaret Calderon,aaron22@example.org,+91-xxx-xxx-xxxx,"720 Willie Viaduct Suite 728, North Thomashaven, GA 84643",07-07-2024,Silver
407,408,Nicole Buchanan MD,hinesamanda@example.net,+91-xxx-xxx-xxxx,"67112 Smith Brooks Suite 841, New Brian, CA 13657",01-03-2024,Bronze
408,409,Frank Gray,evanssharon@example.com,+91-xxx-xxx-xxxx,"77166 Mack Hollow Suite 339, South Cynthiaburgh, AL 90730",20-03-2025,Gold
409,410,Rebecca Roberts,nhill@example.org,+91-xxx-xxx-xxxx,"6414 Michael Trace, South Christopher, HI 58174",20-10-2023,Silver
410,411,Nathan Howard MD,jeffreyroberson@example.com,+91-xxx-xxx-xxxx,"538 Franklin Trail Suite 020, Russellburgh, IL 76341",17-06-2024,Bronze
411,412,Nathan Herman,ryanreynolds@example.org,+91-xxx-xxx-xxxx,"489 Ochoa Ports Suite 029, Kelseyport, TN 10456",29-11-2023,Gold
412,413,Mia Johnson,krausejeffrey@example.net,+91-xxx-xxx-xxxx,"111 Tristan Road Suite 673, Angelaborough, PR 73862",17-02-2024,Silver
413,414,Stephen Jensen,bdonovan@example.net,+91-xxx-xxx-xxxx,"459 Williams Coves Suite 877, Andersonhaven, VI 55632",28-02-2024,Bronze
414,415,Jacqueline White,ydavidson@example.org,+91-xxx-xxx-xxxx,"2403 Shane Courts, New Alexandratown, DE 46461",16-06-2024,Bronze
415,416,Joseph Vargas,sandersbruce@example.org,+91-xxx-xxx-xxxx,"PSC 3394, Box 7821, APO AA 12332",30-01-2024,Silver
416,417,Kimberly Keith,kimberlykeith@example.com,+91-xxx-xxx-xxxx,"023 Donald Streets, Hoffmanberg, MA 60517",18-12-2023,Silver
417,418,Nichole Tran,gcook@example.com,+91-xxx-xxx-xxxx,"05483 Howard Meadows Apt. 870, Port Sethfort, OK 09782",05-06-2024,Bronze
418,419,Frank Miller,knightdenise@example.com,+91-xxx-xxx-xxxx,"55323 Gregory Field, Alvarezview, WA 83120",07-01-2025,Gold
419,420,Elizabeth Stewart,latoya75@example.com,+91-xxx-xxx-xxxx,"394 Nguyen Crossroad, Acostafurt, NM 62339",26-11-2024,Silver
420,421,Michelle Mcdaniel,andrewrodriguez@example.com,+91-xxx-xxx-xxxx,"42824 Jenkins Knoll, Floydstad, KY 47073",04-03-2024,Bronze
421,422,James Manning,ukelly@example.net,+91-xxx-xxx-xxxx,"7792 Donald Walks Apt. 013, Deborahview, GA 29631",09-03-2025,Silver
422,423,Scott Blackwell,dwatson@example.org,+91-xxx-xxx-xxxx,"14739 Johnson Plains, Vazquezburgh, AR 36105",08-01-2024,Silver
423,424,Matthew Love,linda60@example.net,+91-xxx-xxx-xxxx,"821 Annette Forks Suite 299, Lake Scott, ID 39091",15-08-2023,Silver
424,425,Amy Taylor,dana35@example.com,+91-xxx-xxx-xxxx,"118 Shaw Way, Whitakerside, MD 54767",01-11-2024,Bronze
425,426,Brad Sanford,francisco57@example.net,+91-xxx-xxx-xxxx,"5879 Theresa Isle, Timothyborough, MT 92552",13-06-2024,Silver
426,427,Tiffany Simmons,merrittchristina@example.com,+91-xxx-xxx-xxxx,"005 Katie Overpass Apt. 105, South Elizabethstad, CO 70731",29-01-2025,Gold
427,428,Mary Miller,canderson@example.org,+91-xxx-xxx-xxxx,"9729 Swanson Pass, East Amanda, NC 31483",23-04-2025,Gold
428,429,Katherine Brooks,francisco57@example.net,+91-xxx-xxx-xxxx,"271 Bullock Squares Apt. 689, Smithport, PW 03347",19-12-2023,Gold
429,430,David Moreno,wgreen@example.org,+91-xxx-xxx-xxxx,"05828 Smith Bridge, Casechester, IL 07576",30-07-2023,Bronze
430,431,Eric Kirby,sethmoore@example.com,+91-xxx-xxx-xxxx,"PSC 8600, Box 0198, APO AP 19139",01-03-2025,Gold
431,432,Joel Parrish,katherine70@example.org,+91-xxx-xxx-xxxx,"2594 Hicks Manor, Lawrencemouth, WV 14175",15-08-2024,Silver
432,433,Martha Brown,brookschad@example.com,+91-xxx-xxx-xxxx,"967 Trujillo Circle, West Bradleyville, OK 57763",07-06-2025,Bronze
433,434,Diana Molina,mthompson@example.com,+91-xxx-xxx-xxxx,"Unit 1437 Box 8840, DPO AA 21079",28-07-2024,Silver
434,435,Megan Moore,meganmoore@example.com,+91-xxx-xxx-xxxx,"4606 Spencer Lake, South Randallfurt, MD 48335",26-07-2024,Gold
435,436,Daniel Nguyen,jenniferowens@example.org,+91-xxx-xxx-xxxx,"5014 Lori Hollow Suite 764, North Patriciaview, ND 94838",13-01-2024,Gold
436,437,Mary Cantu,stephanie35@example.net,+91-xxx-xxx-xxxx,"0887 Tony Port, South Melissa, VI 95022",01-02-2024,Gold
437,438,Bonnie Martin,suttonjoseph@example.net,+91-xxx-xxx-xxxx,"613 Mcdaniel Viaduct Suite 956, Tammyberg, AR 05987",01-09-2023,Gold
438,439,William Barber,angela80@example.org,+91-xxx-xxx-xxxx,"5210 Tammy Streets Apt. 886, New Emmafurt, UT 98871",08-11-2024,Silver
439,440,Nicole Evans,lopezdiane@example.com,+91-xxx-xxx-xxxx,"63249 Michele Rue Suite 199, South Jenniferburgh, MO 27623",20-06-2023,Gold
440,441,Stephanie Frank,stephaniefrank@example.com,+91-xxx-xxx-xxxx,"Unit 8568 Box 7099, DPO AA 48495",09-03-2025,Bronze
441,442,Veronica Ruiz,jonesjeffrey@example.com,+91-xxx-xxx-xxxx,"2327 Barbara Park Suite 474, Sheilahaven, ME 91238",28-08-2024,Silver
442,443,Jennifer Chang,collinsgloria@example.net,+91-xxx-xxx-xxxx,"97694 Yates Summit, East Ralph, MH 32052",07-04-2025,Bronze
443,444,Pamela Mcdonald,douglasgraham@example.org,+91-xxx-xxx-xxxx,"30271 Jessica Vista Suite 401, New Victoria, IL 93427",10-03-2025,Silver
444,445,Mallory Mann,charles11@example.net,+91-xxx-xxx-xxxx,"14758 Bautista Fords Apt. 251, Sandrachester, NJ 03284",23-10-2024,Gold
445,446,Michael Hamilton,zmoon@example.org,+91-xxx-xxx-xxxx,"USNV Pruitt, FPO AA 39974",07-07-2023,Silver
446,447,David Liu,sroberts@example.com,+91-xxx-xxx-xxxx,"6050 Gordon Trail, Port Amyport, MH 10703",20-11-2024,Silver
447,448,Kara Forbes,yujeremy@example.org,+91-xxx-xxx-xxxx,"849 Michelle Tunnel, Carpenterville, FL 51119",14-04-2025,Bronze
448,449,Bryce Cooper,dburton@example.net,+91-xxx-xxx-xxxx,"701 Banks Pines, Jennystad, PA 46855",09-08-2024,Bronze
449,450,Melissa Curry,heather21@example.net,+91-xxx-xxx-xxxx,"7069 Robert Locks, Julieport, DE 10381",28-01-2024,Gold
450,451,Madison Hill,bwoodard@example.org,+91-xxx-xxx-xxxx,"65847 Melissa River Suite 539, Taylorchester, WI 52986",01-09-2023,Silver
451,452,Justin Ramirez,vsellers@example.org,+91-xxx-xxx-xxxx,"84369 Garcia Glens Suite 446, Port Christina, ND 84431",04-11-2024,Silver
452,453,Miss Carolyn Gilbert,jrobinson@example.org,+91-xxx-xxx-xxxx,"USS Zhang, FPO AA 18184",07-10-2023,Bronze
453,454,Ryan Gibson,tateraymond@example.org,+91-xxx-xxx-xxxx,"15790 Katherine Harbors Suite 814, Jeremiahberg, IA 42047",18-03-2024,Silver
454,455,Jessica Henderson,timothybennett@example.com,+91-xxx-xxx-xxxx,"72556 Hill Ridge, West Michaelberg, MP 78664",27-01-2025,Gold
455,456,Beth Santos,frogers@example.org,+91-xxx-xxx-xxxx,"380 Julie Common Suite 951, Alishamouth, LA 68363",10-07-2023,Bronze
456,457,Dylan Leon,steve56@example.net,+91-xxx-xxx-xxxx,"932 Ashlee Garden, Thompsonmouth, MN 54215",22-05-2024,Gold
457,458,Ian Reed,pattersonryan@example.net,+91-xxx-xxx-xxxx,"634 Stephen Street, North Jill, MH 33206",02-10-2024,Silver
458,459,Joe Nixon,crussell@example.com,+91-xxx-xxx-xxxx,"PSC 3428, Box 2194, APO AE 97815",02-02-2025,Silver
459,460,Amanda Ochoa,mooredanielle@example.net,+91-xxx-xxx-xxxx,"84442 Norris Hollow, Port Katherineton, CO 15551",10-01-2024,Gold
460,461,Dennis Wyatt,timothy80@example.org,+91-xxx-xxx-xxxx,"08014 Patricia Hollow, Lake Martinshire, AR 03056",12-12-2023,Bronze
461,462,Curtis Henderson,rebecca83@example.org,+91-xxx-xxx-xxxx,"2355 Bradley Crossing, Yeseniastad, GU 35506",27-12-2024,Gold
462,463,Jessica Jones,ajenkins@example.net,+91-xxx-xxx-xxxx,"621 Ronald Trail, Calvinbury, MN 55461",25-05-2025,Silver
463,464,Ashley Kelly,troy37@example.org,+91-xxx-xxx-xxxx,"595 Tammy Road Suite 821, Myersfurt, IN 76641",30-01-2025,Silver
464,465,Jessica Phillips,pecktony@example.com,+91-xxx-xxx-xxxx,"230 Baker Tunnel Suite 942, South Jessica, CA 34592",22-01-2024,Silver
465,466,Lori Nelson,cameron14@example.net,+91-xxx-xxx-xxxx,"7826 Bryce Ranch Suite 351, Nortonfort, IL 54640",23-06-2023,Silver
466,467,Alison Torres,donnaclark@example.net,+91-xxx-xxx-xxxx,"2019 Stokes Curve Apt. 471, East Stacytown, KY 83654",13-02-2024,Gold
467,468,Alice Cruz,alicecruz@example.com,+91-xxx-xxx-xxxx,"042 Scott Expressway, Marcshire, SD 01800",01-02-2025,Bronze
468,469,Kristine Hess,sheilajohnson@example.org,+91-xxx-xxx-xxxx,"9459 Jones Light Apt. 313, Austinberg, MO 01426",27-01-2025,Gold
469,470,Catherine Joyce,scarroll@example.net,+91-xxx-xxx-xxxx,"90481 Phelps Orchard Apt. 240, East Andreafort, AR 32426",19-01-2024,Gold
470,471,Kelly Roberts,shawn06@example.net,+91-xxx-xxx-xxxx,"4076 Sloan Garden, South Wayne, SC 62611",10-07-2023,Gold
471,472,Cynthia Collins,merrittdonna@example.com,+91-xxx-xxx-xxxx,"95486 Charles Turnpike Suite 060, Matthewmouth, KY 37665",25-04-2025,Gold
472,473,Samantha Maldonado,emily51@example.org,+91-xxx-xxx-xxxx,"7179 Catherine Highway Apt. 233, North Candaceburgh, IA 01788",17-10-2024,Bronze
473,474,Connor Mcintyre,jgarcia@example.org,+91-xxx-xxx-xxxx,"15813 Romero Rapid, Jonesville, PR 59375",20-01-2025,Bronze
474,475,Yolanda York,bbailey@example.net,+91-xxx-xxx-xxxx,"5515 Patrick Lights, Youngfort, NJ 91143",25-12-2023,Gold
475,476,Valerie Jackson,patriciabates@example.org,+91-xxx-xxx-xxxx,"59380 Reed Parkways Suite 595, North Brett, MH 02556",03-09-2024,Bronze
476,477,Sean Yoder,julie46@example.org,+91-xxx-xxx-xxxx,"0038 Lamb Unions Suite 243, Stephaniemouth, IA 82717",10-04-2024,Silver
477,478,Eric Bailey,scottdavis@example.net,+91-xxx-xxx-xxxx,"733 Thomas Glen, New Alexis, MS 23021",25-11-2024,Gold
478,479,Bonnie Bray,chad51@example.net,+91-xxx-xxx-xxxx,"6353 Guzman Overpass Apt. 058, West Anita, TN 01338",12-02-2024,Silver
479,480,Katie Moore,jenkinskevin@example.net,+91-xxx-xxx-xxxx,"2763 Wilson Coves Apt. 026, North Elizabethmouth, ND 11419",02-07-2024,Gold
480,481,Stephanie King,melindamoss@example.org,+91-xxx-xxx-xxxx,"7082 Diaz Shoals Suite 994, Nathanview, ID 10449",13-11-2024,Bronze
481,482,Paula Anderson,paulaanderson@example.com,+91-xxx-xxx-xxxx,"3992 Hannah Flat Suite 078, East Adamfort, CO 64440",09-09-2023,Gold
482,483,Emily Anderson,jamesbarnes@example.com,+91-xxx-xxx-xxxx,"8494 Denise Spring, Hollyport, NV 97768",31-07-2023,Bronze
483,484,Derek Mendoza,michelle55@example.net,+91-xxx-xxx-xxxx,"20842 Davidson Roads Apt. 196, Perezmouth, VI 05233",14-09-2023,Bronze
484,485,Leslie Gomez,lesliegomez@example.com,+91-xxx-xxx-xxxx,"04538 Johnson Falls Apt. 264, Kellybury, FL 80020",28-06-2024,Bronze
485,486,Cody Fuentes,linda64@example.org,+91-xxx-xxx-xxxx,"388 Laura Green, East Douglastown, SD 30250",12-04-2024,Silver
486,487,Robin Phillips,jwilcox@example.net,+91-xxx-xxx-xxxx,"432 Michael Expressway Suite 371, Jamesland, VA 79647",22-10-2024,Gold
487,488,Brandy Sawyer,eileen22@example.net,+91-xxx-xxx-xxxx,"99602 William Trace Apt. 546, Gloverchester, OR 15668",29-01-2024,Silver
488,489,Brandon Brown,catherinelloyd@example.com,+91-xxx-xxx-xxxx,"43687 Megan Burgs, South Katherine, WY 77537",26-09-2024,Bronze
489,490,Nancy Nelson,lopezkimberly@example.org,+91-xxx-xxx-xxxx,"784 Shaw Way Apt. 613, North Mistyside, VT 31482",07-03-2024,Bronze
490,491,Jessica Zuniga,justin95@example.com,+91-xxx-xxx-xxxx,"Unit 5249 Box 5812, DPO AE 20689",27-04-2024,Bronze
491,492,Shannon Wright,shannonwright@example.com,+91-xxx-xxx-xxxx,"586 Thomas Crescent, Murphyshire, WY 36239",06-04-2025,Bronze
492,493,Lauren Merritt,joshua39@example.com,+91-xxx-xxx-xxxx,"88792 Webster Glens Apt. 204, Edwardtown, MS 51201",08-10-2023,Silver
493,494,Taylor Garza,markbrown@example.com,+91-xxx-xxx-xxxx,"6340 Parker Bridge Suite 951, Sotochester, AZ 99166",04-09-2023,Silver
494,495,Emily Walsh,michael22@example.org,+91-xxx-xxx-xxxx,"4858 Amy Fork, East Carolyntown, MT 49445",16-03-2025,Bronze
495,496,Brian Paul,evansalexandra@example.org,+91-xxx-xxx-xxxx,"90246 Meyers Haven Apt. 312, East Stacy, MO 46363",04-08-2023,Silver
496,497,John Lopez,mariakeith@example.org,+91-xxx-xxx-xxxx,"42879 Briggs Streets Suite 122, Lake Anthony, MH 12293",22-10-2024,Silver
497,498,Matthew Salazar,matthewsalazar@example.com,+91-xxx-xxx-xxxx,"340 Nathaniel Mill, New Patricia, NC 94010",29-09-2023,Silver
498,499,Shane Warner,shanewarner@example.com,+91-xxx-xxx-xxxx,"8106 Cory Green Apt. 982, South Katherinefort, MN 36126",28-06-2024,Bronze
499,500,Cory Bryant,tonya32@example.net,+91-xxx-xxx-xxxx,"Unit 3037 Box 6530, DPO AA 48937",12-02-2025,Silver
500,501,David Shields,joseph84@example.net,+91-xxx-xxx-xxxx,"782 Mark Stravenue, South Erika, MI 19919",18-02-2024,Bronze
501,502,Robert Hicks,eharvey@example.com,+91-xxx-xxx-xxxx,"3612 Charles Walk, Port John, TX 17412",19-08-2024,Gold
502,503,Charles Leonard,gwest@example.net,+91-xxx-xxx-xxxx,"3114 James Ridge, Marcustown, FL 75556",04-03-2025,Bronze
503,504,Benjamin Johnson,jeffery23@example.net,+91-xxx-xxx-xxxx,"921 Davis Lights, Laurabury, WI 45843",16-06-2024,Silver
504,505,James Mcneil,kaufmanangela@example.com,+91-xxx-xxx-xxxx,"277 Brian Flats Apt. 704, Port Charles, IL 15497",09-09-2023,Gold
505,506,Robert Griffith,teresatyler@example.com,+91-xxx-xxx-xxxx,"79837 Sean Branch, Lake Robertmouth, UT 72123",28-05-2025,Silver
506,507,Kevin Flores,scarrillo@example.org,+91-xxx-xxx-xxxx,"08288 Travis Grove, Robertfort, LA 07233",28-11-2024,Silver
507,508,Ronald Harvey,lawsonkristen@example.org,+91-xxx-xxx-xxxx,"757 Paula Heights, Corymouth, NC 42340",26-06-2023,Gold
508,509,Monique Malone,ebailey@example.com,+91-xxx-xxx-xxxx,"268 Crystal View Apt. 789, North Brittany, GU 65449",28-03-2025,Bronze
509,510,Harold Smith,baileybaker@example.com,+91-xxx-xxx-xxxx,"PSC 9049, Box 7834, APO AE 49849",28-06-2023,Bronze
510,511,Kaitlin Drake,charles91@example.org,+91-xxx-xxx-xxxx,"USNV Stone, FPO AE 78689",02-02-2025,Gold
511,512,Carol Jennings,plloyd@example.com,+91-xxx-xxx-xxxx,"0353 James Squares Apt. 134, Brookefort, MN 09140",03-10-2023,Bronze
512,513,Janet Meyer,williamsclaudia@example.org,+91-xxx-xxx-xxxx,"0842 Galloway Islands Suite 688, North Theodoremouth, PW 40896",18-08-2023,Bronze
513,514,Christina Mendoza,nortonamber@example.net,+91-xxx-xxx-xxxx,"8814 Victor Prairie, Port Jeffrey, DE 11958",29-08-2024,Silver
514,515,Joseph Kennedy,alex17@example.net,+91-xxx-xxx-xxxx,"Unit 5195 Box 0094, DPO AP 54993",21-12-2023,Gold
515,516,Blake Hernandez,hectorthompson@example.org,+91-xxx-xxx-xxxx,"5534 Dennis Cliffs, Port Joshuaborough, AL 80681",16-05-2025,Gold
516,517,Francisco Smith,jacoblopez@example.org,+91-xxx-xxx-xxxx,"019 Lewis Circle, Kevinside, AR 89321",25-02-2025,Silver
517,518,Tamara Anderson,eric01@example.com,+91-xxx-xxx-xxxx,"USCGC Leblanc, FPO AE 53051",07-02-2025,Bronze
518,519,Michael Carter,amber60@example.net,+91-xxx-xxx-xxxx,"02563 Daniel Walks Apt. 510, Lake Robertberg, KY 04899",14-12-2023,Gold
519,520,Shawn Horn,mrobinson@example.org,+91-xxx-xxx-xxxx,"0035 Washington Route Suite 113, North Hannahberg, ID 61146",30-12-2023,Silver
520,521,Lauren Jackson,mjimenez@example.net,+91-xxx-xxx-xxxx,"31965 Bowers Expressway, West Jose, IN 29055",23-05-2025,Gold
521,522,Michael Copeland,kimberlyfoster@example.com,+91-xxx-xxx-xxxx,"16159 Laurie Meadows Apt. 759, Cunninghamville, WV 01080",10-06-2025,Silver
522,523,Rebecca Campbell,rmarquez@example.com,+91-xxx-xxx-xxxx,"29736 Howard Stream, South Kristenborough, MT 54130",05-01-2024,Gold
523,524,Amber Medina,iharvey@example.com,+91-xxx-xxx-xxxx,"4425 Adkins Ranch, New Darrenborough, NJ 26665",19-07-2024,Gold
524,525,Walter Rodriguez,josephowens@example.org,+91-xxx-xxx-xxxx,"91297 Benjamin Terrace, West Heatherhaven, NV 86836",18-04-2025,Bronze
525,526,Cristina Blake,wwebb@example.org,+91-xxx-xxx-xxxx,"748 Colleen Circles, Maynardtown, NH 62583",04-06-2025,Silver
526,527,Maria Moore,alexisvega@example.net,+91-xxx-xxx-xxxx,"756 Gutierrez Meadow Apt. 520, West Sarahfurt, MI 97559",01-05-2025,Gold
527,528,John Davis,mirandadouglas@example.net,+91-xxx-xxx-xxxx,"50892 Williams Shores, Ewingville, VT 57335",23-12-2023,Gold
528,529,Ariana Edwards,wardjustin@example.org,+91-xxx-xxx-xxxx,"884 Kimberly Greens Suite 947, Rochafurt, RI 58773",04-07-2023,Gold
529,530,Jason Ware,fbrown@example.net,+91-xxx-xxx-xxxx,"370 Amber Forest Apt. 334, North Mariastad, TN 29334",18-12-2023,Bronze
530,531,Mrs. Ashley Flores MD,pamela91@example.org,+91-xxx-xxx-xxxx,"592 Joseph Points, East Wendyshire, WI 13694",29-04-2025,Silver
531,532,Susan Ramirez,spencerjulia@example.org,+91-xxx-xxx-xxxx,"8297 Juan Flat Apt. 842, Amandaburgh, OH 93372",31-10-2024,Silver
532,533,Jessica Payne,jeffersonchristina@example.org,+91-xxx-xxx-xxxx,"USCGC Ford, FPO AE 36686",07-12-2023,Silver
533,534,Barbara Dorsey,archervalerie@example.com,+91-xxx-xxx-xxxx,"6448 Grant Land Apt. 239, East Deborah, WV 61428",16-09-2023,Bronze
534,535,Christine Spence,wwalker@example.net,+91-xxx-xxx-xxxx,"8385 Matthew Ramp, New Hannah, RI 77321",15-01-2024,Gold
535,536,Michael Harris,karenflores@example.org,+91-xxx-xxx-xxxx,"PSC 0464, Box 7181, APO AP 20429",29-01-2025,Silver
536,537,Nicole Ramos,eileen22@example.net,+91-xxx-xxx-xxxx,"3549 Susan Union, Port Alexander, VT 09955",21-11-2023,Gold
537,538,Crystal Gardner,hvasquez@example.org,+91-xxx-xxx-xxxx,"02870 Carl Key, South David, NE 17403",20-01-2025,Silver
538,539,Stacie Jones,james82@example.org,+91-xxx-xxx-xxxx,"601 Kyle Burgs Suite 264, Robertshire, MS 25796",16-03-2025,Bronze
539,540,Ronnie Haynes,andrewrodriguez@example.com,+91-xxx-xxx-xxxx,"471 James Village, North Katrina, WI 34748",02-08-2024,Bronze
540,541,Cameron Olsen,nwilkins@example.org,+91-xxx-xxx-xxxx,"468 Kevin Springs Apt. 767, Wendyburgh, CT 03556",07-10-2024,Silver
541,542,William Adams,jacksonchloe@example.com,+91-xxx-xxx-xxxx,"1445 Perkins Club Apt. 998, Arielhaven, TX 44131",16-10-2024,Bronze
542,543,Dale Carey,laura17@example.net,+91-xxx-xxx-xxxx,"931 Charles Roads, New Christophertown, CA 85860",04-05-2024,Bronze
543,544,Dylan King,kevin69@example.net,+91-xxx-xxx-xxxx,"687 Lauren Well Apt. 260, Greenetown, TX 22762",23-10-2023,Bronze
544,545,Mary Buck,marybuck@example.com,+91-xxx-xxx-xxxx,"7681 Linda Glen Suite 691, North Ronaldfort, AR 73339",20-05-2024,Gold
545,546,Ronald Brown,donnaking@example.org,+91-xxx-xxx-xxxx,"458 Tammy Circle Apt. 349, Meyerburgh, PR 91808",06-11-2024,Bronze
546,547,Phillip Holt,vadams@example.org,+91-xxx-xxx-xxxx,"95267 Moore Locks Apt. 980, East Lisamouth, AK 77227",24-03-2025,Silver
547,548,Sharon Cooper,nathan78@example.net,+91-xxx-xxx-xxxx,"7283 Cheryl Cliffs Suite 849, Lake Cynthia, UT 64746",21-01-2025,Silver
548,549,Adam Morris,michaelcampbell@example.net,+91-xxx-xxx-xxxx,"6601 Castillo Trafficway Apt. 655, North Edward, KY 64127",28-01-2024,Silver
549,550,Steven Wilson,sroberts@example.com,+91-xxx-xxx-xxxx,"99839 Chambers Junctions, North Hannah, MD 43712",21-05-2025,Silver
550,551,Angela Pruitt,joseph84@example.net,+91-xxx-xxx-xxxx,"4296 Meyers Route, Pughview, VA 75356",16-09-2024,Gold
551,552,Devon Medina,joshua78@example.net,+91-xxx-xxx-xxxx,"9876 William Hill Apt. 110, Lonniemouth, AK 11090",03-05-2024,Bronze
552,553,Christopher Ayala,pcarter@example.com,+91-xxx-xxx-xxxx,"98247 Tammy Haven Suite 812, East John, WV 22047",13-05-2024,Gold
553,554,Charles Beltran,jennifermontgomery@example.com,+91-xxx-xxx-xxxx,"PSC 2683, Box 3197, APO AA 40732",05-07-2023,Bronze
554,555,Herbert Arnold,ukeller@example.org,+91-xxx-xxx-xxxx,"6527 Dyer Courts Apt. 607, Port Wesleyville, AR 34323",26-12-2024,Gold
555,556,Jorge Suarez,anitaarmstrong@example.com,+91-xxx-xxx-xxxx,"937 Obrien Prairie, Reyesville, MH 59603",24-06-2024,Bronze
556,557,Amy Zuniga,sean11@example.net,+91-xxx-xxx-xxxx,"86983 Justin Prairie Suite 442, South Johnchester, NJ 24402",29-09-2023,Gold
557,558,Mike Smith,justin24@example.com,+91-xxx-xxx-xxxx,"5221 Larry Isle Apt. 422, Alejandrobury, SD 00585",24-04-2025,Bronze
558,559,Dylan Nguyen,xmcfarland@example.net,+91-xxx-xxx-xxxx,"6930 Michael Flat, Blackview, VI 13862",07-04-2024,Gold
559,560,Catherine Delgado,eroberts@example.com,+91-xxx-xxx-xxxx,"529 Matthew Plain Apt. 562, East Andrew, SC 64468",24-08-2023,Gold
560,561,Cynthia Jacobs,jessica52@example.com,+91-xxx-xxx-xxxx,"947 Silva Heights, New Kevin, WV 99408",11-02-2025,Silver
561,562,Kelli Gray,michelestewart@example.com,+91-xxx-xxx-xxxx,"8398 Paul Brooks Apt. 056, Colemanmouth, WY 67376",15-09-2024,Silver
562,563,Wanda Dalton,max85@example.net,+91-xxx-xxx-xxxx,"44508 Sean Canyon Apt. 065, Veronicashire, AL 22441",28-03-2024,Bronze
563,564,Brandon Brown,richardsrobert@example.org,+91-xxx-xxx-xxxx,"USNV Dunn, FPO AE 71462",12-04-2025,Bronze
564,565,Erin Lee,egarcia@example.net,+91-xxx-xxx-xxxx,"7455 Roy Ways, Juliestad, NC 50525",17-10-2023,Silver
565,566,Jerry Flores,christopher84@example.com,+91-xxx-xxx-xxxx,"1256 Hughes Courts, East Danielberg, ND 81265",08-02-2024,Bronze
566,567,Eddie Velez,xmeadows@example.com,+91-xxx-xxx-xxxx,"59479 Fisher Ferry Apt. 868, Port Alexander, AR 10850",20-05-2024,Bronze
567,568,Erin Richard,juliagardner@example.net,+91-xxx-xxx-xxxx,"0505 Robert Greens, Port Heatherstad, KY 47124",13-11-2024,Bronze
568,569,Marvin Bender,coopersandra@example.org,+91-xxx-xxx-xxxx,"1978 Amy Lodge Apt. 875, Ryanstad, MP 07816",17-03-2025,Silver
569,570,Mindy Smith,alexisvega@example.net,+91-xxx-xxx-xxxx,"06942 Anthony Islands, South Miguel, VA 65795",23-01-2024,Silver
570,571,Rebekah Gill,rodriguezmatthew@example.com,+91-xxx-xxx-xxxx,"98314 Kristin Plains, Normanton, CA 66903",19-12-2024,Bronze
571,572,Ms. Stephanie Rodriguez MD,ms.stephanierodriguezmd@example.com,+91-xxx-xxx-xxxx,"11787 Catherine Divide, Russellmouth, CO 67747",26-07-2024,Bronze
572,573,Mr. Philip Wood,jerry88@example.com,+91-xxx-xxx-xxxx,"06774 Jordan Course Apt. 331, West Melissaberg, LA 24075",12-11-2023,Silver
573,574,Samuel Martinez,kelly59@example.org,+91-xxx-xxx-xxxx,"81258 Brock Lakes Apt. 336, Stephentown, VI 45973",28-03-2024,Bronze
574,575,Logan Obrien,jason40@example.org,+91-xxx-xxx-xxxx,"31096 Jasmine Branch Suite 696, Gibsonville, ND 32488",24-08-2023,Gold
575,576,Melissa Lopez,yvette60@example.net,+91-xxx-xxx-xxxx,"91286 Heather Springs Suite 814, North Rebecca, MA 58867",15-10-2024,Silver
576,577,Anthony Wilson,kferguson@example.com,+91-xxx-xxx-xxxx,"347 Jones Island Apt. 605, New Danielmouth, MN 84118",25-07-2024,Silver
577,578,Aaron Tanner,aaron22@example.org,+91-xxx-xxx-xxxx,"568 Abbott Ridges Suite 018, Lake Waltershire, AR 56970",31-07-2023,Gold
578,579,Kristi Smith,sandramaxwell@example.net,+91-xxx-xxx-xxxx,"17984 Avila Creek Apt. 132, Wilsonhaven, FL 72820",29-05-2025,Silver
579,580,Brandi Young,williamszachary@example.net,+91-xxx-xxx-xxxx,"091 Wilson Corner, Dudleyville, VT 64278",30-07-2024,Silver
580,581,Bernard Morse,tfoster@example.com,+91-xxx-xxx-xxxx,"6393 Black Mission Suite 619, Port Jasmine, MI 66324",17-03-2024,Bronze
581,582,Kathy Cohen,bradley07@example.com,+91-xxx-xxx-xxxx,"USNV Rice, FPO AA 90752",21-01-2025,Bronze
582,583,Shawn Edwards,patriciabarnett@example.net,+91-xxx-xxx-xxxx,"84333 Alexis Extension, New Patriciaberg, ME 57835",17-04-2025,Gold
583,584,Steve Alvarado,greenjessica@example.com,+91-xxx-xxx-xxxx,"4197 Camacho Row Suite 820, Coreymouth, MS 33570",26-02-2025,Gold
584,585,Mark Rocha,sarahjones@example.org,+91-xxx-xxx-xxxx,"5947 Johnson Trafficway Apt. 151, Ayersfurt, IA 68097",28-11-2024,Gold
585,586,Tony Hurley,jenniferhernandez@example.org,+91-xxx-xxx-xxxx,"806 Troy Center Apt. 284, Kirstenhaven, SC 85229",22-11-2023,Gold
586,587,Brett Rollins,paulmunoz@example.net,+91-xxx-xxx-xxxx,"46659 Travis Drives, Barkerborough, NV 44463",16-12-2023,Silver
587,588,Joshua Weber,wparker@example.com,+91-xxx-xxx-xxxx,"565 Johnson Walk Suite 272, New Jamiefurt, NY 32279",21-08-2023,Gold
588,589,Ashley Perkins MD,james89@example.org,+91-xxx-xxx-xxxx,"8156 Bruce Lakes Apt. 367, Michaelshire, IN 08733",18-01-2025,Silver
589,590,Susan Garcia,ijensen@example.com,+91-xxx-xxx-xxxx,"903 Michael Oval, North Blake, MT 59501",07-05-2025,Gold
590,591,Stephanie Vasquez,williamsjohn@example.org,+91-xxx-xxx-xxxx,"908 Christy Groves Suite 462, Ibarrachester, ND 07262",25-07-2024,Gold
591,592,Joshua Blankenship,joshuablankenship@example.com,+91-xxx-xxx-xxxx,"18212 David Run Suite 210, Lindsaychester, OR 78657",21-02-2024,Gold
592,593,Sarah Young,albertholloway@example.org,+91-xxx-xxx-xxxx,"7458 Odonnell Roads, Johnsonside, NV 94543",30-04-2025,Bronze
593,594,Sherry Martinez,meganwright@example.org,+91-xxx-xxx-xxxx,"498 Amber Fork, Butlermouth, LA 89768",22-11-2023,Gold
594,595,Ian Roberts,yjohnson@example.net,+91-xxx-xxx-xxxx,"4486 Stephanie Creek, Youngview, NM 44792",08-12-2023,Silver
595,596,Carol Shaffer,burnsscott@example.org,+91-xxx-xxx-xxxx,"81324 John Walk, Alanchester, PA 20064",23-10-2023,Bronze
596,597,Autumn Jordan,hjohnson@example.com,+91-xxx-xxx-xxxx,"63828 Parsons Estate, Martinburgh, DC 64106",04-05-2024,Gold
597,598,Melissa Adams,aimee17@example.net,+91-xxx-xxx-xxxx,"662 Kimberly Row Suite 993, Rebeccaborough, MT 26645",18-10-2023,Gold
598,599,Jeremy Sparks,qwillis@example.com,+91-xxx-xxx-xxxx,"5929 Mary Drives Apt. 763, Derrickmouth, AS 94889",11-07-2024,Bronze
599,600,Jeffrey Dean,brentsullivan@example.net,+91-xxx-xxx-xxxx,"2193 Charles Locks Apt. 483, Lake Kristen, WI 28974",25-06-2023,Bronze
600,601,Clinton Avila,mistyrobinson@example.net,+91-xxx-xxx-xxxx,"2342 Oneal Mission Apt. 835, Pricemouth, WI 32491",11-07-2024,Silver
601,602,Joseph Crawford,eweber@example.org,+91-xxx-xxx-xxxx,"67944 Mary Courts Suite 302, North Ariana, FL 37064",14-03-2025,Gold
602,603,Kelly Montgomery,jmartinez@example.org,+91-xxx-xxx-xxxx,"493 Peters Radial Suite 594, Joshuabury, PW 95924",19-01-2025,Bronze
603,604,Amber Hall,april16@example.org,+91-xxx-xxx-xxxx,"41801 Nguyen Springs Suite 786, Ashleyshire, DE 94081",02-04-2025,Bronze
604,605,Kelly Crawford,umiller@example.com,+91-xxx-xxx-xxxx,"0906 Sandra Stravenue, East Charlotte, KS 82095",15-12-2023,Silver
605,606,Charles Wolf,lopezbrian@example.com,+91-xxx-xxx-xxxx,"28127 Lee Turnpike Apt. 136, Kellyview, CA 74168",25-11-2024,Gold
606,607,Bryan Miller,tamara10@example.org,+91-xxx-xxx-xxxx,"15831 Lewis Cliff Suite 525, Phillipsfort, MP 33526",30-10-2024,Gold
607,608,Valerie Maldonado,jessicaware@example.net,+91-xxx-xxx-xxxx,"2008 Michael Courts Suite 513, Conradfurt, GA 60753",07-05-2024,Gold
608,609,Roberto Martinez,harveycaitlin@example.net,+91-xxx-xxx-xxxx,"USS Wheeler, FPO AA 80983",20-02-2024,Gold
609,610,Maria Donaldson,ddavis@example.net,+91-xxx-xxx-xxxx,"93478 Ingram Land Suite 110, Watsonhaven, AL 43330",07-01-2024,Bronze
610,611,Mary Vega,dawn11@example.net,+91-xxx-xxx-xxxx,"62016 Julie Road, East Kayleeport, PA 50589",21-12-2023,Bronze
611,612,Ricky Levine,egomez@example.org,+91-xxx-xxx-xxxx,"79039 Daniel Drive, New Stacey, TX 69894",17-10-2023,Silver
612,613,Thomas Palmer,gonzalesjoseph@example.net,+91-xxx-xxx-xxxx,"580 Rivera Village, Michaelchester, WV 48305",11-05-2024,Bronze
613,614,Vicki Flores,wilsonamy@example.com,+91-xxx-xxx-xxxx,"USCGC Kemp, FPO AA 65184",21-03-2024,Bronze
614,615,David Ramos Jr.,durancharles@example.com,+91-xxx-xxx-xxxx,"969 Gomez Cape Apt. 332, Port Alejandro, VT 16899",19-08-2024,Silver
615,616,Dr. Deborah Miller DDS,lperez@example.org,+91-xxx-xxx-xxxx,"2181 Johnston Groves Apt. 869, Port Megan, MH 71716",02-12-2024,Gold
616,617,Alexander Clarke,christinaboyer@example.org,+91-xxx-xxx-xxxx,"306 Willie Run Suite 366, Chadside, ID 62354",14-07-2023,Gold
617,618,Christopher Green,flynnvalerie@example.org,+91-xxx-xxx-xxxx,"PSC 2578, Box 5028, APO AP 51761",25-10-2024,Bronze
618,619,Matthew Johnson,jennifer33@example.com,+91-xxx-xxx-xxxx,"1634 Lopez Mall, Port Amyborough, OH 72189",02-08-2024,Bronze
619,620,Nathaniel Phelps,kburgess@example.com,+91-xxx-xxx-xxxx,"107 Peter Loop, Murphyhaven, SC 78279",30-09-2024,Gold
620,621,Christina Erickson,christinaerickson@example.com,+91-xxx-xxx-xxxx,"60718 Melissa Ville, East Justin, MT 85526",05-05-2025,Gold
621,622,Valerie Taylor,thompsonzachary@example.org,+91-xxx-xxx-xxxx,"58045 Jennifer Meadows, Lindsayberg, WY 02565",07-08-2023,Bronze
622,623,Mary Joyce,shannon34@example.org,+91-xxx-xxx-xxxx,"7037 Miles Club, Donaldchester, AS 47164",17-07-2023,Bronze
623,624,Matthew Best,jennifer71@example.com,+91-xxx-xxx-xxxx,"57973 Robert Prairie, Georgeshire, MD 30904",14-04-2025,Bronze
624,625,Allison Thomas,craigwyatt@example.net,+91-xxx-xxx-xxxx,"6735 Morgan Track Apt. 994, Port Scott, CA 91138",13-07-2024,Silver
625,626,Carl Brown,garymiller@example.net,+91-xxx-xxx-xxxx,"82977 Thomas Parkway Suite 500, Burnsville, VI 93145",20-02-2025,Bronze
626,627,Jennifer Jordan,jwhite@example.com,+91-xxx-xxx-xxxx,"1019 Brittany Cove, Turnerburgh, LA 61344",07-06-2024,Bronze
627,628,Sheila Ramirez,richmondisabel@example.org,+91-xxx-xxx-xxxx,"3988 Martinez Villages Suite 653, Howardchester, RI 82521",07-10-2023,Gold
628,629,Daniel Caldwell,theresa99@example.com,+91-xxx-xxx-xxxx,"344 Anthony Ranch Suite 208, Warnerchester, UT 99555",19-07-2024,Silver
629,630,John Murray,charles65@example.com,+91-xxx-xxx-xxxx,"175 Sherry Keys, West Angelamouth, GA 87546",30-08-2024,Bronze
630,631,Allison Rivas,krystalpugh@example.org,+91-xxx-xxx-xxxx,"8032 Butler Valley, New Christinatown, CT 64721",11-02-2025,Bronze
631,632,Jacob Smith,rachelmartinez@example.net,+91-xxx-xxx-xxxx,"55182 Erica Street Apt. 707, South Julia, MS 74155",24-01-2024,Silver
632,633,Amy Chavez,hannahsmith@example.com,+91-xxx-xxx-xxxx,"9685 Holly Streets Suite 318, Lake Amyberg, WV 85593",22-06-2023,Bronze
633,634,Joseph Rodriguez,phancock@example.com,+91-xxx-xxx-xxxx,"782 John Pine Apt. 763, East Jeremy, LA 41570",03-03-2025,Bronze
634,635,Raymond Jones,alexbrown@example.net,+91-xxx-xxx-xxxx,"4490 Daniel Neck Suite 637, Kennethmouth, HI 40268",10-05-2025,Silver
635,636,Grace Jones,hgreen@example.org,+91-xxx-xxx-xxxx,"742 Poole Run, Shannonhaven, ME 70335",24-05-2025,Silver
636,637,Maria Vega,jameslee@example.org,+91-xxx-xxx-xxxx,"241 Joseph Springs, Michaeltown, ME 51654",25-06-2024,Gold
637,638,Lori Carpenter,anthonyreed@example.com,+91-xxx-xxx-xxxx,"750 Laura Station Suite 132, West Reginaville, MI 62077",17-10-2024,Silver
638,639,Brian Flynn,alan66@example.com,+91-xxx-xxx-xxxx,"0608 Wolf Court Apt. 921, Singhfurt, AZ 74522",11-06-2024,Gold
639,640,Pamela Brown,zpatterson@example.com,+91-xxx-xxx-xxxx,"73197 Romero Points, West Jenniferside, CA 90719",19-05-2024,Gold
640,641,Margaret Navarro,edwardstina@example.com,+91-xxx-xxx-xxxx,"65512 Joe Passage, Donaldstad, RI 71859",03-10-2024,Silver
641,642,Tiffany Fuller,robynross@example.com,+91-xxx-xxx-xxxx,"60042 Heather Well, East Jenniferside, TN 48717",12-06-2024,Gold
642,643,Matthew Murray,lloydcameron@example.com,+91-xxx-xxx-xxxx,"233 Jennifer Curve Apt. 700, Brownland, NJ 91347",26-06-2024,Bronze
643,644,Jackson Lane,nathaniel56@example.org,+91-xxx-xxx-xxxx,"72314 Garcia Villages, South Tony, NV 09047",25-05-2024,Silver
644,645,Tony Guerra,paularodriguez@example.com,+91-xxx-xxx-xxxx,"7174 Harrison Prairie, Smithshire, NY 43549",11-02-2025,Silver
645,646,Tonya Walton,velezjasmine@example.org,+91-xxx-xxx-xxxx,"1461 Dana Spurs Apt. 619, Ashleyport, PA 06246",04-01-2024,Bronze
646,647,Julie Reese,shall@example.org,+91-xxx-xxx-xxxx,"370 Gina Landing Apt. 001, Antonioland, PA 77534",28-05-2025,Silver
647,648,Zachary Gutierrez,jguerrero@example.net,+91-xxx-xxx-xxxx,"9642 Garcia Isle, South Christopher, VI 34206",26-07-2024,Gold
648,649,Victoria Davis,dillon00@example.org,+91-xxx-xxx-xxxx,"PSC 5578, Box 8142, APO AP 62584",26-06-2024,Silver
649,650,Todd Owens,robert57@example.com,+91-xxx-xxx-xxxx,"012 Lee Field, Aprilmouth, RI 86285",19-04-2024,Bronze
650,651,Ronald Wood,williamschristina@example.net,+91-xxx-xxx-xxxx,"8475 Newton Lock, North Jamesport, MA 78993",02-06-2025,Gold
651,652,Lisa Walker DDS,jeffreymoore@example.net,+91-xxx-xxx-xxxx,"208 Daryl Square, New Judy, GA 57140",13-04-2025,Bronze
652,653,Dominic Williams,xstanley@example.org,+91-xxx-xxx-xxxx,"81109 Christy Estates Apt. 386, New Shirley, GU 58651",08-04-2024,Bronze
653,654,Peter Silva,yrosario@example.net,+91-xxx-xxx-xxxx,"603 Stephanie Crescent Apt. 269, Stephanieberg, WV 37937",06-10-2024,Bronze
654,655,Barbara Giles,frederick58@example.com,+91-xxx-xxx-xxxx,"64696 Allen Rapid Apt. 702, Victoriamouth, FM 69676",19-01-2024,Gold
655,656,Julia Hess,goldenpaula@example.org,+91-xxx-xxx-xxxx,"613 Davis Manor Apt. 842, South Calebland, MA 83145",17-08-2023,Bronze
656,657,Ryan Everett,gstevens@example.org,+91-xxx-xxx-xxxx,"922 Young Harbor Suite 690, North Elizabethside, VT 64808",24-11-2023,Gold
657,658,Frank Hill,jennifer98@example.org,+91-xxx-xxx-xxxx,"075 Kim Green Suite 158, Lake Robert, TX 13364",19-10-2024,Gold
658,659,Seth Mccall,fbarron@example.net,+91-xxx-xxx-xxxx,"5583 Hoover Field, East Heather, SD 94321",27-10-2023,Silver
659,660,Phillip Simmons,zneal@example.net,+91-xxx-xxx-xxxx,"72892 Hahn Locks, Williamsport, KS 81628",17-04-2025,Gold
660,661,Ms. Amanda Mata,rojasscott@example.org,+91-xxx-xxx-xxxx,"1033 Garcia Plains Apt. 177, New Ianberg, IA 66464",03-05-2025,Gold
661,662,Jennifer Smith,jacksoncraig@example.net,+91-xxx-xxx-xxxx,"19854 Cynthia Path Suite 655, South Dustinland, CT 48016",23-04-2025,Silver
662,663,Sarah Fischer,woodwilliam@example.org,+91-xxx-xxx-xxxx,"647 Morgan Heights, West Kaitlyn, MP 26977",27-10-2024,Gold
663,664,Juan Davis,qford@example.org,+91-xxx-xxx-xxxx,"4648 Jennifer Fields Suite 824, West Michael, OR 01549",27-11-2023,Gold
664,665,Mike Jensen,paul31@example.com,+91-xxx-xxx-xxxx,"71804 Stevens Well Apt. 704, Andrewshire, SD 23763",08-03-2024,Gold
665,666,Jillian Schwartz DDS,tim50@example.net,+91-xxx-xxx-xxxx,"884 Turner Alley Apt. 854, Delacruzstad, SC 11183",18-11-2023,Silver
666,667,Matthew Smith,kevinespinoza@example.org,+91-xxx-xxx-xxxx,"8878 Michael Knoll, West Williamborough, CT 80459",30-04-2025,Bronze
667,668,Kristin Miller,ethompson@example.net,+91-xxx-xxx-xxxx,"61926 Kevin Lane Apt. 822, West Susan, NJ 84200",12-06-2024,Silver
668,669,Victor Patrick,howardsandra@example.com,+91-xxx-xxx-xxxx,"310 Thompson Spring Suite 581, North Vickiton, NE 34785",28-09-2024,Silver
669,670,Jesse Glover,campbellmary@example.com,+91-xxx-xxx-xxxx,"0055 James Motorway, North Kevin, SD 76894",10-01-2024,Gold
670,671,Mrs. Sarah Harris PhD,ipalmer@example.org,+91-xxx-xxx-xxxx,"62861 Arthur Flat, Owenbury, TX 81114",02-05-2024,Gold
671,672,Cheryl Smith,lewisjennifer@example.net,+91-xxx-xxx-xxxx,"2628 James Isle, Kevinchester, VA 40263",15-09-2024,Bronze
672,673,Nicole Berg,amandagraves@example.net,+91-xxx-xxx-xxxx,"800 Kelsey Fords, Lake Yolanda, MT 23538",01-10-2023,Gold
673,674,Charles Anderson,alexander50@example.org,+91-xxx-xxx-xxxx,"69592 Forbes Fields Suite 847, Garnermouth, WI 06426",08-04-2024,Silver
674,675,Bethany Ware,narroyo@example.com,+91-xxx-xxx-xxxx,"167 Johnson Loop, Lake Anna, AK 06500",20-08-2023,Silver
675,676,Mrs. Brittany Mckee,marynelson@example.org,+91-xxx-xxx-xxxx,"USNS Vance, FPO AP 02174",03-01-2025,Gold
676,677,Laura Jones,thomas51@example.net,+91-xxx-xxx-xxxx,"PSC 4348, Box 8883, APO AE 07596",23-08-2023,Bronze
677,678,Gregory Allen,donna97@example.com,+91-xxx-xxx-xxxx,"90098 Rhonda Route Apt. 319, Olsonside, TN 02572",11-03-2024,Bronze
678,679,Mrs. Sarah Bond,nbrown@example.com,+91-xxx-xxx-xxxx,"72142 Jones Fork, South Christina, NV 05192",13-09-2024,Gold
679,680,Cindy Wright,robinsonjames@example.com,+91-xxx-xxx-xxxx,"037 Johnson Lock Apt. 513, Davidport, WA 16559",01-05-2024,Gold
680,681,Mariah Wilson,lisaclark@example.org,+91-xxx-xxx-xxxx,"0834 Hale Springs Apt. 803, Michaelmouth, NY 41069",23-05-2025,Silver
681,682,Christina Baker,ryanpatel@example.net,+91-xxx-xxx-xxxx,"1839 Castaneda Highway Suite 105, Marybury, MA 89267",23-11-2023,Silver
682,683,Brian Brady,angelajohnson@example.org,+91-xxx-xxx-xxxx,"PSC 3852, Box 4903, APO AA 65341",12-12-2023,Bronze
683,684,Tom Wolf,diane49@example.com,+91-xxx-xxx-xxxx,"429 Sheila Pine Suite 070, Hannahton, UT 99264",02-02-2024,Gold
684,685,Kristin Miller,lambertrobert@example.net,+91-xxx-xxx-xxxx,"2839 Hooper Path, Port Kayla, DE 54371",24-05-2025,Gold
685,686,Angela Calderon,lisa49@example.net,+91-xxx-xxx-xxxx,"423 Victoria Plains, Shawland, CA 21159",27-12-2023,Silver
686,687,Thomas Oneill,thomasoneill@example.com,+91-xxx-xxx-xxxx,"4512 Kathryn Manor Suite 493, Port Terri, MN 77071",15-11-2023,Silver
687,688,Pamela Chambers,james62@example.org,+91-xxx-xxx-xxxx,"3820 Samantha Rue, Cassandrafort, LA 13403",30-10-2024,Gold
688,689,Robert Johnson,sue12@example.com,+91-xxx-xxx-xxxx,"2650 Dan Drive Suite 104, Stephanieton, NE 66236",16-06-2025,Gold
689,690,Debbie Jackson,gflores@example.org,+91-xxx-xxx-xxxx,"524 Brian Views, Kristinmouth, AR 75411",28-10-2024,Gold
690,691,Michael Elliott,villanuevabeth@example.org,+91-xxx-xxx-xxxx,"3845 Johnson Extensions, South Danielview, MP 70285",18-02-2024,Gold
691,692,Tony George,heathercarrillo@example.org,+91-xxx-xxx-xxxx,"762 Ian Forest Apt. 665, Joannaburgh, NJ 80663",13-11-2023,Silver
692,693,Jacob Rosales,qwilliams@example.com,+91-xxx-xxx-xxxx,"USNV Molina, FPO AP 96167",30-07-2024,Gold
693,694,James Foster,angelawashington@example.net,+91-xxx-xxx-xxxx,"381 Osborne Turnpike, Antoniotown, AS 18596",15-10-2023,Silver
694,695,Zachary Jackson,zcox@example.org,+91-xxx-xxx-xxxx,"PSC 4908, Box 2340, APO AE 41815",05-11-2024,Bronze
695,696,Kevin Hansen,rwilliams@example.org,+91-xxx-xxx-xxxx,"967 Claudia Valley, Lake Keithton, CO 04699",11-09-2023,Silver
696,697,Diana Ray,oduncan@example.net,+91-xxx-xxx-xxxx,"31597 James Well, North Peterburgh, UT 47068",08-08-2024,Gold
697,698,Monica Pugh,andreadkins@example.org,+91-xxx-xxx-xxxx,"9703 Sarah Lane, East Robert, NH 05502",27-11-2024,Bronze
698,699,Lisa Ruiz,halldana@example.org,+91-xxx-xxx-xxxx,"656 Doyle Mountains Apt. 291, Dylanville, AK 37824",07-05-2025,Bronze
699,700,Miss Crystal Gomez,michael66@example.com,+91-xxx-xxx-xxxx,"091 Miller Freeway, New John, PW 86274",24-12-2024,Silver
700,701,Jesse Mcdaniel,michaelblackburn@example.com,+91-xxx-xxx-xxxx,"162 Steven Fords, West Randall, SD 25122",30-11-2023,Silver
701,702,Jill Wall,yvette60@example.net,+91-xxx-xxx-xxxx,"76493 Samuel Tunnel, New Brenda, AZ 92017",24-12-2023,Bronze
702,703,Katherine Obrien,lewiscaroline@example.org,+91-xxx-xxx-xxxx,"6226 Linda Plain Suite 556, East Jorgeland, MA 46558",14-12-2024,Bronze
703,704,Barry White,paul09@example.org,+91-xxx-xxx-xxxx,"46217 Linda Highway Apt. 223, Port Lindsayview, DE 83644",18-11-2023,Gold
704,705,Michael Bright,melaniehuerta@example.com,+91-xxx-xxx-xxxx,"0533 Dunn Tunnel Suite 670, Brownchester, OH 91854",05-02-2025,Gold
705,706,Jason Pittman,lisa72@example.net,+91-xxx-xxx-xxxx,"6410 Gloria Island, West Audrey, MO 45839",15-08-2024,Bronze
706,707,Jessica Leonard,udickerson@example.com,+91-xxx-xxx-xxxx,"836 Harper Bridge, Lake Jody, NM 66761",02-09-2023,Silver
707,708,Susan Allen,susanallen@example.com,+91-xxx-xxx-xxxx,"7429 Allen Branch Apt. 579, South Jaimeside, TN 68771",29-10-2023,Gold
708,709,Megan Johnson,jhill@example.org,+91-xxx-xxx-xxxx,"0567 Erica Run Apt. 514, Jenniferville, AS 69380",06-01-2025,Gold
709,710,Michelle Rodriguez,tara58@example.net,+91-xxx-xxx-xxxx,"959 Kelsey Mountains Apt. 556, South Patrick, KY 49684",27-10-2023,Gold
710,711,Wendy Beasley,robertcross@example.net,+91-xxx-xxx-xxxx,"PSC 9939, Box 1202, APO AA 25201",21-01-2025,Gold
711,712,Dr. Jessica Robbins,weeksmichelle@example.com,+91-xxx-xxx-xxxx,"928 Williams Throughway, Cowanbury, KY 67492",30-03-2024,Silver
712,713,Rachel Bell,browntheodore@example.org,+91-xxx-xxx-xxxx,"5897 William Route, West George, RI 12534",02-10-2023,Bronze
713,714,Joan Hamilton,xthompson@example.net,+91-xxx-xxx-xxxx,"20920 Warren Overpass Apt. 996, Ortizview, FM 28724",02-01-2024,Silver
714,715,Jasmine Ray,emilyhorne@example.net,+91-xxx-xxx-xxxx,"4776 Bryan Glen Apt. 334, Lake Sarah, SD 55654",05-03-2025,Gold
715,716,Tiffany Quinn,ethaningram@example.net,+91-xxx-xxx-xxxx,"46923 Xavier Knoll Apt. 669, Fullerburgh, DE 97056",03-07-2023,Silver
716,717,Grant Huynh,yjenkins@example.org,+91-xxx-xxx-xxxx,"10837 Fisher Forge, North Valerieborough, DC 92969",18-12-2024,Gold
717,718,Catherine Ball,martinezdavid@example.com,+91-xxx-xxx-xxxx,"961 Elaine Haven Suite 854, New Cindy, SC 35714",18-05-2025,Gold
718,719,Julie Peters,suttonjoseph@example.net,+91-xxx-xxx-xxxx,"608 Mullins Extension Suite 259, Lake Michael, SD 15105",13-10-2024,Bronze
719,720,Jennifer Smith,jennifersmith@example.com,+91-xxx-xxx-xxxx,"209 Rodgers Pike Apt. 174, New Markside, VI 72242",17-09-2023,Gold
720,721,Loretta Patterson,scottlopez@example.com,+91-xxx-xxx-xxxx,"PSC 0171, Box 4023, APO AA 10874",05-12-2024,Gold
721,722,Jimmy Hernandez,jimmyhernandez@example.com,+91-xxx-xxx-xxxx,"788 Pamela Spurs, West Nicholasburgh, AR 21022",11-01-2024,Gold
722,723,John Chavez,geraldbullock@example.net,+91-xxx-xxx-xxxx,"196 Scott Springs Apt. 577, Reynoldsside, AK 54520",05-09-2023,Gold
723,724,Briana Williams,johnsmith@example.net,+91-xxx-xxx-xxxx,"0317 Brian Keys, Hernandezmouth, CO 92890",18-07-2024,Gold
724,725,Cole Dougherty,krista39@example.net,+91-xxx-xxx-xxxx,"112 Hill Square Apt. 501, South Adam, DE 43035",07-07-2023,Gold
725,726,Helen Finley,helenfinley@example.com,+91-xxx-xxx-xxxx,"129 Barnes Lane, Ramirezton, GA 08400",19-07-2024,Gold
726,727,Russell Reese,james22@example.com,+91-xxx-xxx-xxxx,"8711 Darrell Port, Shannonberg, OK 24320",01-10-2024,Silver
727,728,Jasmine Bryant,robertallen@example.net,+91-xxx-xxx-xxxx,"03826 Jeffrey Run, New Sean, PW 26879",24-08-2023,Gold
728,729,Jessica Wiley,sharon92@example.org,+91-xxx-xxx-xxxx,"77702 Allen Motorway Suite 904, Alexanderside, MI 94788",21-06-2023,Silver
729,730,Crystal Walsh,kelly00@example.org,+91-xxx-xxx-xxxx,"0752 Perez Rapids Suite 283, New Davidmouth, DC 50659",19-11-2023,Gold
730,731,Sarah Cuevas,christopher86@example.com,+91-xxx-xxx-xxxx,"689 Lynn Underpass, Jeffreyview, KY 77670",28-05-2024,Gold
731,732,Lauren Compton,aaron34@example.net,+91-xxx-xxx-xxxx,"677 Ellis Square Apt. 602, South Alexamouth, WY 54965",20-08-2023,Bronze
732,733,Peter Hughes,hholland@example.net,+91-xxx-xxx-xxxx,"Unit 6364 Box 7996, DPO AE 29319",01-05-2025,Gold
733,734,Jeffrey Gomez,michaeldouglas@example.net,+91-xxx-xxx-xxxx,"4276 Tucker Junctions, Codyburgh, MN 39718",22-04-2024,Silver
734,735,John Gutierrez,youngsarah@example.org,+91-xxx-xxx-xxxx,"85232 Rebecca Lodge, North Cindy, SD 58039",29-01-2024,Silver
735,736,Shannon Richardson,thomas19@example.net,+91-xxx-xxx-xxxx,"1484 Daniel Highway, West Brian, AK 17966",15-09-2023,Bronze
736,737,Terry Obrien,steven15@example.net,+91-xxx-xxx-xxxx,"068 Frank Ports, East Josephfurt, VT 99827",03-11-2024,Gold
737,738,Christopher Brown,dstewart@example.com,+91-xxx-xxx-xxxx,"13285 Jasmine Mountain Suite 672, South Dennis, NC 68517",30-04-2025,Gold
738,739,Carol Thomas,omar69@example.net,+91-xxx-xxx-xxxx,"433 Malone Ways Apt. 997, West Jessica, TN 98729",24-12-2023,Silver
739,740,Jennifer Foley,leecarla@example.com,+91-xxx-xxx-xxxx,"781 Adams Crossroad, New Margaretton, SC 12181",18-11-2024,Bronze
740,741,Jennifer Torres,tcunningham@example.org,+91-xxx-xxx-xxxx,"2750 Danielle Plains Suite 472, Bryanberg, ID 26089",25-07-2023,Silver
741,742,Matthew Mcclain,osmith@example.com,+91-xxx-xxx-xxxx,"36649 Garrett Mission, South Sheryltown, AZ 55126",09-07-2023,Gold
742,743,Eric Martin,pdudley@example.org,+91-xxx-xxx-xxxx,"303 Cooley Cliff, Serranoburgh, KY 81311",09-06-2024,Silver
743,744,Aaron Collins,tcox@example.net,+91-xxx-xxx-xxxx,"48864 Moody Ville Apt. 296, South Jennifer, ID 51329",17-04-2024,Bronze
744,745,Sue Lee,anna35@example.org,+91-xxx-xxx-xxxx,"144 Sanchez Keys Suite 698, Philiptown, SC 81345",02-11-2023,Silver
745,746,Heather Martin,mcdowellkatie@example.net,+91-xxx-xxx-xxxx,"651 Flores Street, Port Micheleshire, MS 00622",26-03-2024,Silver
746,747,Karen Anderson,angelica18@example.com,+91-xxx-xxx-xxxx,"425 Julie Lodge, Rileyhaven, SD 23530",30-03-2024,Gold
747,748,Derrick Gray,derrickgray@example.com,+91-xxx-xxx-xxxx,"603 Tara Meadows, Carsonview, MS 64700",25-09-2023,Gold
748,749,Daniel Freeman,danielfreeman@example.com,+91-xxx-xxx-xxxx,"283 Meyers Lock Suite 379, Millerburgh, RI 88856",05-06-2025,Bronze
749,750,Heather Sanders,lisa90@example.com,+91-xxx-xxx-xxxx,"013 Robert Point Apt. 618, Port Markborough, MS 23441",09-07-2024,Silver
750,751,Mark Smith,nelsonisaiah@example.org,+91-xxx-xxx-xxxx,"5963 Wu Plaza, East Matthew, IN 15836",15-04-2024,Bronze
751,752,Elizabeth Ali,jillandrade@example.net,+91-xxx-xxx-xxxx,"3239 Kristin Street Apt. 915, West Brandi, NE 74986",04-10-2023,Gold
752,753,John Owens,johnpennington@example.net,+91-xxx-xxx-xxxx,"38004 Carlos Circle, Susanmouth, MH 10958",06-06-2025,Bronze
753,754,Cheryl Myers,mmoses@example.org,+91-xxx-xxx-xxxx,"109 Christopher Island Suite 131, Harrisfurt, MI 92015",09-02-2024,Gold
754,755,Robert Castaneda,jimmynielsen@example.net,+91-xxx-xxx-xxxx,"052 Lewis Falls Apt. 206, Johnside, NV 67917",30-01-2025,Silver
755,756,Shawn White,michelleabbott@example.com,+91-xxx-xxx-xxxx,"981 Deleon Plains Suite 928, Joshuaview, NH 75117",18-06-2023,Silver
756,757,Kenneth Fuentes,lware@example.net,+91-xxx-xxx-xxxx,"97445 Tammy Center Apt. 852, North Stanleyport, NH 05798",09-01-2025,Silver
757,758,Tommy Mendez,scruz@example.com,+91-xxx-xxx-xxxx,"31758 Maldonado Center Suite 832, Davishaven, CA 65924",01-04-2025,Bronze
758,759,Brian Gomez,pittsjennifer@example.com,+91-xxx-xxx-xxxx,"72142 Miller Freeway Suite 719, Laurenside, MA 61322",30-03-2025,Gold
759,760,Sharon Cole,andreadkins@example.org,+91-xxx-xxx-xxxx,"61678 Wyatt Land Suite 069, Brianside, IA 76407",06-05-2025,Gold
760,761,Jose Anderson,djohnson@example.com,+91-xxx-xxx-xxxx,"9204 Decker Summit, West Joseph, HI 50513",22-07-2023,Gold
761,762,Jamie Patton,davisbradley@example.net,+91-xxx-xxx-xxxx,"39858 Alexander Meadow, Robertchester, IL 95005",23-08-2024,Silver
762,763,Elizabeth Richards,cheryl51@example.com,+91-xxx-xxx-xxxx,"53664 Robinson Greens, West Jonathanmouth, IL 23293",02-07-2023,Bronze
763,764,Timothy Brown,ericowens@example.org,+91-xxx-xxx-xxxx,"021 Wendy Loop, Amandafort, MA 83713",27-04-2024,Gold
764,765,Kelly Hunt,jonathan05@example.com,+91-xxx-xxx-xxxx,"38154 Laura Well, Parkerberg, UT 67607",01-06-2025,Silver
765,766,Eric Diaz,vpatel@example.com,+91-xxx-xxx-xxxx,"97895 Alexander Mall, Charlesbury, TX 62075",06-05-2025,Gold
766,767,Roberto Lee,adam71@example.net,+91-xxx-xxx-xxxx,"83406 Joel Brook Apt. 701, Port Joshua, IA 13767",20-07-2024,Bronze
767,768,John Adams,yrosario@example.net,+91-xxx-xxx-xxxx,"3968 Barbara Overpass Apt. 621, Natalieville, NC 78202",30-08-2024,Silver
768,769,Tracey Duarte,btaylor@example.com,+91-xxx-xxx-xxxx,"Unit 4755 Box 4080, DPO AP 09843",25-06-2023,Bronze
769,770,Mark Diaz,martinkimberly@example.org,+91-xxx-xxx-xxxx,"3708 Brandon Garden Suite 228, Port Mark, TN 25251",22-03-2025,Silver
770,771,Tracy Morgan,lperez@example.net,+91-xxx-xxx-xxxx,"65964 Morris Burg, Hendersonmouth, OR 14239",03-05-2025,Silver
771,772,James Clark,onichols@example.org,+91-xxx-xxx-xxxx,"683 Russell Drives, Kristachester, NV 77414",24-08-2024,Silver
772,773,Miss Tiffany Ramos,michael88@example.net,+91-xxx-xxx-xxxx,"495 Saunders Ports, South Brendachester, VA 87499",25-06-2024,Gold
773,774,Evelyn Tran,ericcooke@example.com,+91-xxx-xxx-xxxx,"077 Ellis Curve, Watkinschester, HI 74114",27-01-2024,Bronze
774,775,Shaun Nguyen,kyliehernandez@example.com,+91-xxx-xxx-xxxx,"47150 Aguilar Valley Apt. 378, Lake Patrick, IL 47819",10-07-2023,Bronze
775,776,Alexander Hutchinson,zmendoza@example.com,+91-xxx-xxx-xxxx,"37909 Rogers Tunnel, North Caitlin, VI 52166",29-05-2024,Bronze
776,777,Alex Turner,turnermichael@example.net,+91-xxx-xxx-xxxx,"531 Jenna Isle, South Nicholasmouth, FL 01360",31-01-2025,Silver
777,778,Shelly Cook,alan66@example.com,+91-xxx-xxx-xxxx,"7804 Long Square Suite 159, East Jerryfurt, HI 01339",23-03-2024,Gold
778,779,Dr. Darrell Grant,ashleypowell@example.com,+91-xxx-xxx-xxxx,"01102 Alyssa Viaduct, West Shawnbury, NH 78045",29-08-2024,Bronze
779,780,Robert Mueller,wesleymiller@example.org,+91-xxx-xxx-xxxx,"112 Jacob Vista Apt. 253, New Mark, IN 44849",23-05-2024,Gold
780,781,Melissa Stout,dawnporter@example.org,+91-xxx-xxx-xxxx,"57561 Erin Falls Suite 157, Currychester, PW 01201",18-09-2024,Bronze
781,782,Danny Benson,ricardo08@example.net,+91-xxx-xxx-xxxx,"377 Reyes Mountain Suite 947, East Robertport, OK 08396",21-06-2024,Silver
782,783,Mrs. Ashley Massey,katherinevillarreal@example.org,+91-xxx-xxx-xxxx,"62352 Christine Track, East Gregoryport, CO 48352",08-04-2024,Silver
783,784,Wendy Torres,fhuerta@example.org,+91-xxx-xxx-xxxx,"838 Danielle Cliff, Greenport, IA 03529",26-06-2023,Bronze
784,785,Rhonda Lynn,sandra46@example.com,+91-xxx-xxx-xxxx,"080 Stephen Crossroad Apt. 586, Fergusonburgh, UT 06010",13-10-2023,Silver
785,786,Philip Gonzalez,crystalhoward@example.org,+91-xxx-xxx-xxxx,"11124 Sean Point Apt. 680, Lake Haleyburgh, FL 54289",27-04-2025,Silver
786,787,Sharon Miller,bedwards@example.org,+91-xxx-xxx-xxxx,"328 Michael Burgs Suite 633, Port Jennifer, DE 77468",24-02-2025,Bronze
787,788,Shannon Stanton,cindyreed@example.com,+91-xxx-xxx-xxxx,"1673 Lindsey Crossing Apt. 356, Lake Katherinestad, DE 97263",08-04-2025,Silver
788,789,Jason Middleton,mileskatherine@example.com,+91-xxx-xxx-xxxx,"7050 Fowler View, North Thomas, LA 42727",08-01-2025,Silver
789,790,Katherine Howell,monica28@example.com,+91-xxx-xxx-xxxx,"1123 Laura Loop, Port Kimchester, LA 89031",25-01-2025,Gold
790,791,Amy Ramirez,lpadilla@example.org,+91-xxx-xxx-xxxx,"740 Jackson River, East Deborahtown, AS 38913",14-07-2024,Gold
791,792,Christina Smith,awebb@example.org,+91-xxx-xxx-xxxx,"736 Vasquez Roads, Melissaborough, IA 36153",20-03-2025,Silver
792,793,Ellen Anderson,uthomas@example.org,+91-xxx-xxx-xxxx,"3835 Mckenzie Rest Suite 322, Johntown, PR 00725",17-11-2024,Silver
793,794,Ashley Morgan,montgomerysteven@example.com,+91-xxx-xxx-xxxx,"253 Peggy Hills Apt. 434, East Samuelfurt, CO 45359",30-09-2023,Silver
794,795,Tanner Turner,ipatel@example.com,+91-xxx-xxx-xxxx,"37933 Gallagher Mountain Apt. 691, North Timothyside, IL 77375",25-05-2025,Gold
795,796,Marcus Williams,groach@example.net,+91-xxx-xxx-xxxx,"0304 Park Rapids Suite 345, Smithhaven, TX 89972",04-05-2024,Silver
796,797,Paul Poole,john61@example.net,+91-xxx-xxx-xxxx,"4979 Kevin Ford, Jilltown, ID 44948",08-06-2025,Gold
797,798,Julia Richardson,marcsmith@example.net,+91-xxx-xxx-xxxx,"9947 Villarreal Forges Suite 711, Holmesview, TN 36454",30-10-2024,Gold
798,799,Joan Peters,matthew92@example.com,+91-xxx-xxx-xxxx,"4563 William Avenue Apt. 687, Jamesmouth, RI 55198",27-03-2024,Bronze
799,800,Stephanie Cain,fishernicholas@example.org,+91-xxx-xxx-xxxx,"035 Jeremy Heights Suite 165, Port George, PR 84057",04-04-2025,Bronze
800,801,Tammy Walker,tammywalker@example.com,+91-xxx-xxx-xxxx,"440 Willis Green, New Katrinaland, MO 82775",16-09-2023,Silver
801,802,Timothy Rogers,kwoodard@example.org,+91-xxx-xxx-xxxx,"USCGC Ramos, FPO AA 72144",05-06-2025,Silver
802,803,Tammy Holden,zkennedy@example.net,+91-xxx-xxx-xxxx,"844 Wong Inlet, Snyderstad, PR 88863",16-10-2024,Silver
803,804,Terry Burke,cjohnson@example.net,+91-xxx-xxx-xxxx,"4363 Benjamin Bypass, South Miguelchester, AL 53183",24-09-2024,Silver
804,805,Nicholas Baker,lewismary@example.com,+91-xxx-xxx-xxxx,"PSC 4116, Box 7921, APO AE 84771",19-03-2024,Silver
805,806,Savannah White,xmcfarland@example.net,+91-xxx-xxx-xxxx,"70330 Lowery Port Apt. 220, Erikburgh, RI 28444",20-09-2024,Gold
806,807,Raymond Morales,jillfrancis@example.net,+91-xxx-xxx-xxxx,"32347 Brock Fords, North Jennifer, AS 62761",28-10-2023,Gold
807,808,James Beck,taylorderrick@example.net,+91-xxx-xxx-xxxx,"17523 Wendy Expressway Apt. 128, Carrborough, AL 59625",21-11-2024,Silver
808,809,Justin Perry,ashley08@example.com,+91-xxx-xxx-xxxx,"2151 Anna Centers Suite 297, Watkinsbury, KS 34834",03-11-2023,Bronze
809,810,Stephen Rice,gflores@example.org,+91-xxx-xxx-xxxx,"048 Gonzalez Forges, South Derek, NV 66639",19-12-2024,Silver
810,811,Patricia Hunt,kevin69@example.net,+91-xxx-xxx-xxxx,"5914 Perkins Gateway Suite 855, North Joseph, NH 39727",20-01-2024,Bronze
811,812,Edward Davis,kim86@example.org,+91-xxx-xxx-xxxx,"31830 Hernandez Ways Apt. 983, Anthonyview, AS 30888",16-03-2025,Silver
812,813,Amber Wright,bsmith@example.org,+91-xxx-xxx-xxxx,"087 Renee Trace, Port Juanmouth, AZ 21602",10-01-2024,Bronze
813,814,Eric Moore,willie58@example.org,+91-xxx-xxx-xxxx,"35150 Carter Hollow, Davidshire, MS 70876",21-02-2024,Silver
814,815,James Morrison,michaelburnett@example.org,+91-xxx-xxx-xxxx,"0906 Chloe Avenue Apt. 079, Carrollstad, CT 04961",13-09-2024,Bronze
815,816,Janice Olson,janiceolson@example.com,+91-xxx-xxx-xxxx,"9546 Colin Key Suite 653, Walkermouth, PW 47699",10-08-2024,Silver
816,817,Derrick Jackson,eringrant@example.net,+91-xxx-xxx-xxxx,"409 Best Locks, Watersborough, NE 67440",15-08-2023,Silver
817,818,Kristina Cook,samueljohnson@example.org,+91-xxx-xxx-xxxx,"62388 Harris Forge, New Arthur, WA 29954",11-12-2024,Gold
818,819,Jose Rivera,amanda80@example.com,+91-xxx-xxx-xxxx,"219 Collins Plains, Mckenziehaven, NC 16063",14-04-2024,Gold
819,820,Rebecca Moon,ericowens@example.net,+91-xxx-xxx-xxxx,"37062 Davis Road, Georgeborough, OH 57195",12-01-2025,Bronze
820,821,Gregory Hicks,camposheidi@example.org,+91-xxx-xxx-xxxx,"139 Mccarthy Road, Cruzstad, MI 88502",18-07-2024,Silver
821,822,Dana Fisher,sheribridges@example.org,+91-xxx-xxx-xxxx,"749 Graham Gateway, Port Kyleton, UT 09326",30-07-2024,Gold
822,823,Jordan Long,angieneal@example.com,+91-xxx-xxx-xxxx,"067 Jamie Overpass, Davidton, NY 34998",26-03-2024,Silver
823,824,Lisa Smith,wyoung@example.org,+91-xxx-xxx-xxxx,"898 Velazquez Drive, West Mistyfurt, AS 34835",10-01-2025,Gold
824,825,April Larson,rbrooks@example.org,+91-xxx-xxx-xxxx,"088 Edward Village, Hoganburgh, FM 39662",01-01-2024,Silver
825,826,Benjamin Hawkins,changjulie@example.org,+91-xxx-xxx-xxxx,"0488 Moore Ridges Suite 286, Lake Rachelhaven, HI 83044",11-07-2023,Silver
826,827,Patrick Martin,david69@example.com,+91-xxx-xxx-xxxx,"7486 Thompson Radial, Jessicaville, MA 59956",12-11-2023,Gold
827,828,Brandy Lynch,kcunningham@example.org,+91-xxx-xxx-xxxx,"79316 Andrews Vista Apt. 358, Brendatown, WI 50549",05-01-2024,Gold
828,829,Joshua Moore,joshuamoore@example.com,+91-xxx-xxx-xxxx,"USNS Owens, FPO AE 60039",13-09-2023,Gold
829,830,Erica Palmer,diazjanet@example.com,+91-xxx-xxx-xxxx,"066 Mark Knolls, Ronaldchester, OH 31594",31-05-2025,Silver
830,831,Michael Ochoa,brianrobinson@example.net,+91-xxx-xxx-xxxx,"61848 Mcdonald Islands, Robertsonland, ID 16795",30-05-2025,Bronze
831,832,April Tanner,brianna59@example.com,+91-xxx-xxx-xxxx,"79013 Eddie Drives, Lake Laurenmouth, TX 61737",19-12-2023,Gold
832,833,Michael Patel,rogersmark@example.net,+91-xxx-xxx-xxxx,"777 Reyes Port Apt. 393, West Megan, LA 59920",15-11-2024,Bronze
833,834,Anna Griffin,kspencer@example.com,+91-xxx-xxx-xxxx,"644 Montgomery Grove Apt. 482, Juanmouth, IN 11680",21-05-2025,Silver
834,835,Mrs. Laurie Jennings,mrs.lauriejennings@example.com,+91-xxx-xxx-xxxx,"85592 Timothy Walks, Alyssaland, AS 39601",25-09-2024,Bronze
835,836,Tiffany Lucas,danielmunoz@example.net,+91-xxx-xxx-xxxx,"97729 Mitchell Plain Suite 918, West Michaelburgh, MA 06676",16-05-2025,Gold
836,837,Ana Cunningham,melissacruz@example.com,+91-xxx-xxx-xxxx,"6723 Frazier Way, New Timothyburgh, NE 01263",28-01-2024,Silver
837,838,Christopher Williams,howelldenise@example.org,+91-xxx-xxx-xxxx,"55267 Reed Streets, South Kristinechester, PR 82287",31-01-2024,Silver
838,839,Jonathon Clark,nschmidt@example.org,+91-xxx-xxx-xxxx,"4735 Carol Run, East Debbie, HI 94519",10-08-2023,Bronze
839,840,Deanna Skinner,qmiller@example.net,+91-xxx-xxx-xxxx,"02791 Tara Manor, Hannahfurt, CO 54476",13-11-2023,Silver
840,841,Ebony Chan,roy79@example.com,+91-xxx-xxx-xxxx,"Unit 9502 Box 4892, DPO AP 81290",28-05-2024,Gold
841,842,Christine Webb,blackburnbenjamin@example.net,+91-xxx-xxx-xxxx,"9529 Lee Landing, New Timothy, AZ 80049",09-12-2023,Gold
842,843,Michael Sanders,wwebster@example.net,+91-xxx-xxx-xxxx,"USNV Rogers, FPO AP 77914",10-09-2023,Gold
843,844,Jacob Williamson PhD,dblanchard@example.net,+91-xxx-xxx-xxxx,"65634 Cruz Cliffs, Cardenasland, AK 29195",20-08-2024,Silver
844,845,Keith Jones,marquezchristopher@example.org,+91-xxx-xxx-xxxx,"488 Cameron Ferry Suite 135, New Susan, MA 56402",05-12-2023,Silver
845,846,Beth Bautista,ukemp@example.org,+91-xxx-xxx-xxxx,"45123 Shawn Manor Suite 585, East Sandra, DE 40852",28-11-2023,Gold
846,847,Robert Oconnell,fmills@example.net,+91-xxx-xxx-xxxx,"7883 Dawn Trace, Bryanfurt, ND 03864",23-10-2024,Bronze
847,848,Kristopher Lewis,kristopherlewis@example.com,+91-xxx-xxx-xxxx,"8713 Robert Knolls, North Chris, FM 69864",22-04-2024,Gold
848,849,Brian Moore,evan83@example.com,+91-xxx-xxx-xxxx,"5783 John Walk Suite 840, Port Heatherview, UT 97584",02-12-2024,Silver
849,850,William Welch,douglaskathy@example.net,+91-xxx-xxx-xxxx,"4818 Amanda Flats, Brianburgh, GU 26186",12-01-2024,Bronze
850,851,Laura Escobar,bryanvazquez@example.com,+91-xxx-xxx-xxxx,"93127 Dennis Stravenue, Lake Racheltown, NC 96047",20-01-2025,Bronze
851,852,Andrew Garcia,andrewgarcia@example.com,+91-xxx-xxx-xxxx,"471 Miller Cove Apt. 974, New Gail, CT 52595",14-02-2025,Bronze
852,853,Jennifer Turner,pacemakayla@example.org,+91-xxx-xxx-xxxx,"3915 Hamilton Road, Jenniferport, CA 73310",22-10-2024,Gold
853,854,Tammy Rodriguez,esmith@example.com,+91-xxx-xxx-xxxx,"PSC 9225, Box 2728, APO AA 36453",14-05-2024,Gold
854,855,Logan Petersen,denise01@example.org,+91-xxx-xxx-xxxx,"554 Jennifer Fort Apt. 565, Martinezchester, FL 49603",13-01-2025,Gold
855,856,Amy Parker MD,harriszachary@example.net,+91-xxx-xxx-xxxx,"554 Tina Crescent, Thomasport, ME 19025",05-03-2024,Silver
856,857,Mark Moreno,eddiereynolds@example.net,+91-xxx-xxx-xxxx,"9101 Ann Club Suite 856, Mariaberg, MS 49349",11-09-2024,Silver
857,858,Andrea Miranda,andreamiranda@example.com,+91-xxx-xxx-xxxx,"560 Melinda Haven, West Davidchester, PW 87390",17-11-2023,Bronze
858,859,Trevor James,rgomez@example.com,+91-xxx-xxx-xxxx,"342 Elizabeth Port Suite 660, Powellville, WV 51207",03-09-2024,Bronze
859,860,Scott Moon,jennifervelasquez@example.com,+91-xxx-xxx-xxxx,"182 John Fall, Terryfort, RI 43439",29-10-2024,Gold
860,861,James Bass,kristenguerrero@example.com,+91-xxx-xxx-xxxx,"9861 Madison Station Apt. 248, North Morganberg, CT 08139",01-01-2025,Bronze
861,862,Joy Hill,brittanychase@example.com,+91-xxx-xxx-xxxx,"883 Williams Springs, West Abigailton, FL 99246",19-02-2025,Silver
862,863,Belinda Mills,taylor84@example.org,+91-xxx-xxx-xxxx,"607 Cody Villages Suite 971, Marychester, SD 56680",29-01-2025,Bronze
863,864,Lindsey Martin,cookanna@example.com,+91-xxx-xxx-xxxx,"085 Russell Loop Suite 181, South Jacobborough, WA 95827",31-08-2023,Gold
864,865,Chad Valenzuela,sandrafranklin@example.org,+91-xxx-xxx-xxxx,"4157 Lewis Rest Suite 582, Katrinamouth, VA 78127",05-10-2024,Bronze
865,866,Michael Ross,woodsangela@example.com,+91-xxx-xxx-xxxx,"143 Walker Inlet, Gonzalesmouth, NE 78732",25-06-2023,Bronze
866,867,Juan Johnson,fletcherlinda@example.com,+91-xxx-xxx-xxxx,"Unit 1869 Box 6499, DPO AP 49454",05-11-2024,Silver
867,868,Christy Ferguson,johnsonangela@example.net,+91-xxx-xxx-xxxx,"211 Darren Roads, North Patty, WI 87735",01-07-2023,Gold
868,869,Anna Graves,annagraves@example.com,+91-xxx-xxx-xxxx,"11136 Howard Courts, Greenstad, OR 22596",13-10-2023,Bronze
869,870,Ashley Romero,bakerbrittney@example.com,+91-xxx-xxx-xxxx,"PSC 6583, Box 4321, APO AP 18388",09-05-2024,Bronze
870,871,Alicia Dyer,campbellkristy@example.net,+91-xxx-xxx-xxxx,"PSC 7261, Box 6465, APO AE 32903",22-04-2025,Gold
871,872,Malik Wells,millercatherine@example.com,+91-xxx-xxx-xxxx,"753 Baker Burg, Reeveschester, LA 96277",22-07-2024,Silver
872,873,Christopher Howell,qgreen@example.com,+91-xxx-xxx-xxxx,"78737 White Road Apt. 976, West Stephenburgh, PR 01227",01-07-2023,Bronze
873,874,Sara Rogers,dblanchard@example.net,+91-xxx-xxx-xxxx,"134 Johnson Shores Apt. 725, Port Timothy, IN 88390",13-07-2023,Silver
874,875,Steven Kline,bradygray@example.com,+91-xxx-xxx-xxxx,"7539 Gloria Centers, North Nataliebury, MN 13734",23-06-2023,Gold
875,876,Kelsey Nielsen,alexanderbobby@example.net,+91-xxx-xxx-xxxx,"9574 Rachel Loaf, East Melanie, WV 41830",06-07-2024,Bronze
876,877,Helen Hill,obruce@example.org,+91-xxx-xxx-xxxx,"5314 Yvette Passage Suite 323, Lake Timothy, MO 30760",29-02-2024,Bronze
877,878,John Henry,youngjennifer@example.org,+91-xxx-xxx-xxxx,"6835 Jones Port, Thorntonfort, WV 66654",17-05-2024,Bronze
878,879,Mitchell Hodges,chelsey31@example.com,+91-xxx-xxx-xxxx,"135 Destiny Fords Suite 513, Mcknightmouth, MT 22238",26-03-2025,Gold
879,880,Sabrina Branch,marywilliams@example.net,+91-xxx-xxx-xxxx,"9761 Brown Underpass Suite 762, East Richard, NM 49099",26-04-2025,Silver
880,881,Kyle Bullock,ryansingleton@example.org,+91-xxx-xxx-xxxx,"066 Annette Shoals, Edwardsside, NV 29994",27-04-2024,Silver
881,882,Meagan Pugh,wjones@example.net,+91-xxx-xxx-xxxx,"620 Reginald Ports Suite 141, Pereztown, PW 75628",23-04-2024,Gold
882,883,Curtis Wilson,dpalmer@example.org,+91-xxx-xxx-xxxx,"5982 John Trace, Jameston, OR 25864",07-04-2025,Gold
883,884,Denise Martinez,edward23@example.com,+91-xxx-xxx-xxxx,"278 Mark Spring Apt. 873, Port Gilbert, NY 58155",31-10-2023,Silver
884,885,Mary Anderson,vincent73@example.org,+91-xxx-xxx-xxxx,"22877 Jesus Street Suite 558, Morganfort, SC 28434",22-03-2025,Silver
885,886,Dorothy Ochoa,adkinsrebecca@example.org,+91-xxx-xxx-xxxx,"01662 Mary Pines, Port Stevenchester, WI 28329",12-02-2025,Bronze
886,887,Adam Harris,brandonmarshall@example.org,+91-xxx-xxx-xxxx,"8707 Jermaine Fords, East Mallory, DE 12643",13-08-2024,Gold
887,888,Jessica Edwards,wcook@example.org,+91-xxx-xxx-xxxx,"638 Jeffrey Creek Apt. 528, North Kimberly, TX 51856",20-07-2024,Gold
888,889,Kevin Nguyen,ashleyfowler@example.org,+91-xxx-xxx-xxxx,"68187 Jaclyn Orchard Apt. 517, West Desireeshire, MS 14148",12-08-2023,Gold
889,890,Stephen Banks DDS,stephensmichelle@example.org,+91-xxx-xxx-xxxx,"677 Shaffer Lake, Hayeshaven, NM 52206",18-04-2024,Bronze
890,891,Sean Williams,gregorythompson@example.org,+91-xxx-xxx-xxxx,"420 Betty Forges Suite 256, South Jeremyville, HI 25538",17-07-2024,Gold
891,892,Erika Andrade,anthony13@example.com,+91-xxx-xxx-xxxx,"81878 Ballard Extension, Hickston, NJ 24222",16-11-2024,Gold
892,893,John Adams,theresa99@example.com,+91-xxx-xxx-xxxx,"0088 Johnson Corner, North Michaelburgh, FM 06170",08-02-2025,Bronze
893,894,Kara Miranda,brandi40@example.com,+91-xxx-xxx-xxxx,"36538 Yu Underpass, Gomezfort, OK 98709",04-02-2025,Gold
894,895,Heather Beck,linda41@example.net,+91-xxx-xxx-xxxx,"25209 White Ways, Brownland, MA 11224",29-04-2025,Silver
895,896,David Fields,wellsthomas@example.com,+91-xxx-xxx-xxxx,"8450 Rebecca Ports, Jasonborough, MI 54222",11-10-2024,Gold
896,897,Nancy Martinez,matthew62@example.com,+91-xxx-xxx-xxxx,"540 Kelly Pines Suite 523, Coxside, MO 25654",11-02-2025,Silver
897,898,Michael Brewer,stephenwilson@example.com,+91-xxx-xxx-xxxx,"061 Ricky Locks Suite 157, East Rebeccastad, WY 94322",04-04-2024,Gold
898,899,David Ferguson,suzanne19@example.net,+91-xxx-xxx-xxxx,"PSC 5581, Box 7470, APO AA 45161",23-06-2023,Bronze
899,900,Stephanie Perry,stephanieperry@example.com,+91-xxx-xxx-xxxx,"2611 Beasley Valleys, Danaburgh, MS 60418",19-04-2024,Bronze
900,901,Barbara Cordova,lindsay16@example.com,+91-xxx-xxx-xxxx,"331 Blair Dam Suite 094, Jonesville, GA 94746",19-12-2023,Gold
901,902,Michael Bowman,jessicaarnold@example.net,+91-xxx-xxx-xxxx,"6288 John Village, North Deanmouth, GA 58787",17-04-2024,Silver
902,903,Brandon Montgomery,mcintyresusan@example.org,+91-xxx-xxx-xxxx,"608 Turner Mount, Chadtown, CO 89905",17-01-2025,Silver
903,904,Tami Long,leachcarla@example.net,+91-xxx-xxx-xxxx,"604 Watson Valley Suite 758, Lowerymouth, MS 69258",03-06-2024,Bronze
904,905,Rachel Schroeder,sydneyfernandez@example.com,+91-xxx-xxx-xxxx,"723 Ramos Throughway Suite 167, Padillaberg, OH 60153",21-09-2024,Gold
905,906,Benjamin Young,mooreandrew@example.com,+91-xxx-xxx-xxxx,"01074 Martin Way, Stephanieshire, SC 06224",20-12-2024,Gold
906,907,Adam Dixon,sevans@example.org,+91-xxx-xxx-xxxx,"PSC 5127, Box 3446, APO AP 50493",19-12-2023,Bronze
907,908,Anthony Hoover,jwalker@example.com,+91-xxx-xxx-xxxx,"87396 Montgomery Greens, New Alyssachester, WY 72921",19-03-2024,Silver
908,909,Mario Jones,robertdavis@example.com,+91-xxx-xxx-xxxx,"00700 Kelly Shoal, East Heatherborough, GA 39634",26-05-2025,Gold
909,910,Joseph Larson,hsanchez@example.com,+91-xxx-xxx-xxxx,"91808 Jennifer Knolls, East Evanton, FL 27233",30-04-2025,Silver
910,911,Tracy Franklin,jessicaware@example.net,+91-xxx-xxx-xxxx,"6160 Danielle Plains Apt. 030, Hayeshaven, KY 38411",25-05-2024,Bronze
911,912,Lynn Humphrey,underwoodjackie@example.net,+91-xxx-xxx-xxxx,"USCGC Mason, FPO AP 23863",31-07-2024,Gold
912,913,Theresa Berry,rachel94@example.org,+91-xxx-xxx-xxxx,"2851 Jill Forks Suite 757, West Diane, KS 27416",07-11-2023,Bronze
913,914,Tanner Williams,jessica18@example.org,+91-xxx-xxx-xxxx,"00874 Nelson Extension, East Stevenview, GA 82071",18-09-2024,Silver
914,915,Sheila Williams,melissa63@example.org,+91-xxx-xxx-xxxx,"502 Alexandra Shore Suite 061, Lake Peter, VT 82361",11-10-2024,Gold
915,916,Brandy Gardner,mackmelissa@example.net,+91-xxx-xxx-xxxx,"1200 Grant Club, Lake Alison, IA 89185",28-01-2024,Gold
916,917,Kathleen Powell,nhall@example.com,+91-xxx-xxx-xxxx,"33512 Samantha Crossing, Jessicashire, AS 16514",19-03-2025,Gold
917,918,Tammy Bradford,thompsonrebecca@example.net,+91-xxx-xxx-xxxx,"00544 Patricia Via Apt. 923, Juliemouth, MT 56203",25-03-2024,Silver
918,919,James Cross,xbaldwin@example.com,+91-xxx-xxx-xxxx,"7909 White Pine, Alvarezborough, ME 02794",13-05-2024,Gold
919,920,Susan Bush,zcurry@example.com,+91-xxx-xxx-xxxx,"2121 Janet Trail, Chadborough, NE 63603",19-12-2023,Silver
920,921,Robin Barber,robinbarber@example.com,+91-xxx-xxx-xxxx,"291 William Ways, Jenkinshaven, MA 88232",13-01-2024,Silver
921,922,Jennifer Perry,jonathancummings@example.net,+91-xxx-xxx-xxxx,"4645 Kelly Street, Jacobhaven, IN 73137",10-11-2024,Bronze
922,923,Alexandra Moore,longjuan@example.net,+91-xxx-xxx-xxxx,"066 Mckenzie Ranch Suite 006, North Kristin, MI 63134",04-02-2024,Silver
923,924,Jacqueline Long,danielle16@example.org,+91-xxx-xxx-xxxx,"9672 Herring Gateway Suite 143, Lowerytown, NM 20904",13-12-2023,Silver
924,925,Michael Jones,amy13@example.org,+91-xxx-xxx-xxxx,"23432 Sanders Street, Sampsonmouth, ID 62136",23-07-2024,Gold
925,926,April Baker,smithlinda@example.org,+91-xxx-xxx-xxxx,"75446 Crystal Ford, Ninahaven, PA 65138",08-06-2025,Bronze
926,927,Mary Young,vcooper@example.com,+91-xxx-xxx-xxxx,"1425 Gill Green Suite 335, Lake Calvin, FM 58704",28-12-2024,Gold
927,928,Danielle Johnson,frank49@example.org,+91-xxx-xxx-xxxx,"1845 Murray Radial, Riversland, NJ 69414",01-06-2024,Gold
928,929,Elizabeth Hall,jonathan17@example.net,+91-xxx-xxx-xxxx,"695 Johnson Well Suite 983, Fraziermouth, MS 74825",16-08-2024,Bronze
929,930,Connor Torres,reidkevin@example.org,+91-xxx-xxx-xxxx,"24680 Thomas Vista, New Amandaside, ME 78051",27-04-2024,Gold
930,931,Diane Burch,cardenasmelissa@example.org,+91-xxx-xxx-xxxx,"6752 Flynn Mission Apt. 849, Andersonhaven, MD 45417",22-12-2023,Silver
931,932,Jason Wilson,gonzalezjason@example.org,+91-xxx-xxx-xxxx,"3523 Amber Corner Suite 661, Lopezbury, VA 71869",01-10-2024,Bronze
932,933,Victoria Hamilton,daniellecarson@example.org,+91-xxx-xxx-xxxx,"618 Jeffery Ridges Suite 381, New Maryfort, MO 70403",23-06-2023,Bronze
933,934,Danielle Stewart,kevinbrown@example.net,+91-xxx-xxx-xxxx,"0808 Bill Curve, Pattersonview, IN 12584",01-12-2024,Gold
934,935,Justin Patel,sharonhayes@example.org,+91-xxx-xxx-xxxx,"USS Powell, FPO AE 26177",22-09-2024,Silver
935,936,Christopher Brown,llong@example.com,+91-xxx-xxx-xxxx,"2778 Michelle Run Apt. 982, Port Cassie, HI 81549",28-11-2024,Bronze
936,937,Gregory Delgado III,sandovaljennifer@example.net,+91-xxx-xxx-xxxx,"81588 Tiffany Circles Apt. 973, East Danielle, MS 71931",30-03-2025,Bronze
937,938,Stephen Benitez,bernardbrandy@example.org,+91-xxx-xxx-xxxx,"67918 Yvonne Pike, Dawnport, OR 90917",15-08-2023,Gold
938,939,Pamela Taylor,lauren39@example.net,+91-xxx-xxx-xxxx,"370 John Lodge Apt. 303, North Maria, ID 62354",18-04-2025,Gold
939,940,Shawn Williams,vanessarush@example.com,+91-xxx-xxx-xxxx,"3208 Booker Mission Suite 778, Johnfort, SC 09698",29-06-2023,Silver
940,941,Angela Wilkins,allisondaniel@example.org,+91-xxx-xxx-xxxx,"Unit 3178 Box 6383, DPO AP 95175",08-05-2025,Silver
941,942,Adam Yoder,zachary88@example.net,+91-xxx-xxx-xxxx,"77995 Beverly Ridge Apt. 557, New Amberton, MN 57735",16-12-2024,Bronze
942,943,Michelle Herman,leejacob@example.org,+91-xxx-xxx-xxxx,"3629 Gardner Mews Apt. 093, Chandlershire, KS 71116",02-07-2023,Silver
943,944,Jonathan Weiss,philipmartinez@example.net,+91-xxx-xxx-xxxx,"1457 Reeves Prairie, Lake Adam, VI 90532",16-06-2024,Gold
944,945,Cynthia Parks,simslarry@example.com,+91-xxx-xxx-xxxx,"7949 Thomas Harbor Suite 743, Nancybury, WI 30420",05-12-2024,Gold
945,946,Monica Barry,cdelgado@example.org,+91-xxx-xxx-xxxx,"187 Sharon Light Apt. 623, Bryanport, MI 65818",22-08-2023,Silver
946,947,Wendy Lopez,wendylopez@example.com,+91-xxx-xxx-xxxx,"16210 Christie Drives Apt. 640, North Jamesville, NC 58548",23-01-2024,Gold
947,948,Erica Garcia,jeffrey83@example.net,+91-xxx-xxx-xxxx,"1064 Henry Union Suite 457, New Vincent, IN 96949",13-07-2023,Bronze
948,949,Walter Price,reginagriffin@example.net,+91-xxx-xxx-xxxx,"Unit 8927 Box 2655, DPO AP 15672",29-09-2024,Gold
949,950,Ann Ochoa,anthony36@example.org,+91-xxx-xxx-xxxx,"58088 Justin Mews, East Debra, ID 04518",26-09-2023,Silver
950,951,Bailey Moses,kevin69@example.net,+91-xxx-xxx-xxxx,"44174 Ashley Tunnel Suite 754, Spearsview, GU 06388",02-01-2025,Silver
951,952,Angela Doyle,ivaldez@example.net,+91-xxx-xxx-xxxx,"800 Karen Plaza Apt. 019, Kristaberg, IL 25674",08-04-2025,Silver
952,953,Ryan Castillo,hhall@example.com,+91-xxx-xxx-xxxx,"PSC 5822, Box 7995, APO AA 40276",17-04-2025,Gold
953,954,Stacy Vargas,qford@example.org,+91-xxx-xxx-xxxx,"1327 Angela Garden Apt. 222, Shannonhaven, MS 11496",13-03-2025,Bronze
954,955,William Figueroa,robin31@example.com,+91-xxx-xxx-xxxx,"USCGC Mata, FPO AP 21272",17-03-2025,Gold
955,956,Jeffrey Cline,vicki79@example.org,+91-xxx-xxx-xxxx,"190 Kathleen Shoals, Villarrealmouth, NJ 01313",01-07-2024,Bronze
956,957,Aaron Wagner,eharvey@example.com,+91-xxx-xxx-xxxx,"55147 Howard Parks, Piercemouth, OK 38320",19-07-2023,Bronze
957,958,Christopher Lawrence,garymcmillan@example.org,+91-xxx-xxx-xxxx,"02666 Jennifer Ford, Lake Ericshire, AZ 84212",21-09-2023,Gold
958,959,Sarah Hall,allison44@example.net,+91-xxx-xxx-xxxx,"5053 Patricia Isle Suite 677, Jenniferfurt, MT 58931",24-02-2025,Silver
959,960,Robert Arnold,michael34@example.org,+91-xxx-xxx-xxxx,"90950 Sandra Freeway, Tinahaven, PR 27158",22-01-2025,Bronze
960,961,Shannon Ward,rosebooth@example.org,+91-xxx-xxx-xxxx,"Unit 3747 Box 4157, DPO AA 91581",13-08-2023,Gold
961,962,Laura Rodriguez,chapmanjoshua@example.com,+91-xxx-xxx-xxxx,"40206 Joseph Spring Apt. 616, New Tonya, NM 18928",14-03-2024,Gold
962,963,Loretta Lee,pmiller@example.com,+91-xxx-xxx-xxxx,"Unit 4449 Box 5233, DPO AE 79948",12-04-2025,Gold
963,964,Travis Johnson,marksimpson@example.com,+91-xxx-xxx-xxxx,"568 Joseph Mills Suite 957, East Anne, WY 20331",29-04-2024,Silver
964,965,Kristin Shaw,ipalmer@example.org,+91-xxx-xxx-xxxx,"94144 Dixon Green, Lake Lanceside, MH 40504",22-06-2024,Silver
965,966,Felicia Tate,robertskimberly@example.org,+91-xxx-xxx-xxxx,"22253 Carolyn Curve Apt. 653, West Rebecca, PA 56512",29-01-2024,Bronze
966,967,Jesse Shea,erinschultz@example.net,+91-xxx-xxx-xxxx,"2509 Sosa Common Suite 896, Alexview, HI 09807",11-02-2024,Gold
967,968,Alyssa Gonzalez,chelsea75@example.org,+91-xxx-xxx-xxxx,"327 Fitzgerald Knolls Suite 374, South Jasmine, PA 49459",02-08-2023,Silver
968,969,Robert Bailey,matthew48@example.com,+91-xxx-xxx-xxxx,"8664 Amanda Lodge, North Edwinview, IN 90790",11-12-2023,Bronze
969,970,Kimberly Ray,veronica73@example.org,+91-xxx-xxx-xxxx,"8091 Kimberly Creek, North William, CT 50236",22-10-2023,Bronze
970,971,Charlotte Kline,charlottekline@example.com,+91-xxx-xxx-xxxx,"6992 Jones Forest Apt. 304, Leeborough, PR 72282",07-08-2023,Bronze
971,972,Andrew Randall,taylormichael@example.net,+91-xxx-xxx-xxxx,"4740 Lindsey Bridge, West Joshuachester, GU 66396",23-08-2024,Silver
972,973,Jessica Bell,rodriguezchristopher@example.com,+91-xxx-xxx-xxxx,"7798 Smith Courts, Jeffreyshire, ME 58138",19-01-2024,Gold
973,974,Jonathan Clayton,steven00@example.com,+91-xxx-xxx-xxxx,"4867 Joseph Walks Apt. 378, Port Taylorton, WV 73047",04-12-2024,Bronze
974,975,Michelle Mack,jamessosa@example.net,+91-xxx-xxx-xxxx,"2592 Cantrell Circle Apt. 609, New Darryl, UT 17438",11-11-2023,Gold
975,976,Kathryn Brown,kristinfuentes@example.com,+91-xxx-xxx-xxxx,"431 Brandon Trafficway Suite 551, Lake Katelyn, SD 05768",19-03-2025,Bronze
976,977,Amanda Harper,david80@example.com,+91-xxx-xxx-xxxx,"3243 Houston Mount, Luisport, ND 31587",23-09-2024,Silver
977,978,Traci Young,xpatel@example.com,+91-xxx-xxx-xxxx,"004 Mays Plain Suite 254, North Matthew, MT 18674",18-03-2025,Gold
978,979,Sherry Fernandez,lray@example.com,+91-xxx-xxx-xxxx,"0799 Vanessa Forest Suite 973, Port Nicole, MO 34800",03-07-2024,Bronze
979,980,Sharon Hernandez,sherry23@example.com,+91-xxx-xxx-xxxx,"PSC 2167, Box 8119, APO AE 16205",31-03-2025,Gold
980,981,Gloria Lin,allison17@example.org,+91-xxx-xxx-xxxx,"4990 Gould Crossroad Apt. 009, North Sarah, NM 12234",21-12-2023,Gold
981,982,Rose Rush,chenjames@example.net,+91-xxx-xxx-xxxx,"820 Young Flats Apt. 053, Gracehaven, ID 99624",11-01-2025,Gold
982,983,Timothy Young,qsmith@example.com,+91-xxx-xxx-xxxx,"55192 Kenneth Trail Apt. 513, Brianland, GU 62417",06-12-2023,Silver
983,984,Crystal Ferguson,diazmegan@example.net,+91-xxx-xxx-xxxx,"75923 Jeffrey Way, Alvarezburgh, TX 98951",28-07-2023,Gold
984,985,Shane Roth,pacemakayla@example.org,+91-xxx-xxx-xxxx,"3216 Armstrong Street Suite 221, North Johnathan, RI 85491",13-02-2025,Gold
985,986,Thomas Ferguson,kathy06@example.com,+91-xxx-xxx-xxxx,"489 Poole Islands Apt. 246, Jonesville, AK 10668",04-09-2024,Silver
986,987,Colleen Crawford,jose29@example.org,+91-xxx-xxx-xxxx,"PSC 1638, Box 0362, APO AE 35446",06-12-2024,Silver
987,988,Johnny Ingram,danielle96@example.com,+91-xxx-xxx-xxxx,"4275 Davis Cliff Suite 804, South Larry, AZ 46557",04-03-2025,Silver
988,989,John Mcknight,gonzalezrebecca@example.org,+91-xxx-xxx-xxxx,"299 Chad Islands, Lake Emmafurt, NC 25996",26-09-2024,Silver
989,990,Mrs. Alexis Brown,amy77@example.com,+91-xxx-xxx-xxxx,"083 John Lock, East Dennis, NY 30784",09-03-2024,Gold
990,991,Erica Fleming,erica85@example.net,+91-xxx-xxx-xxxx,"55648 Gilbert Square, Port Jessica, OR 63566",21-01-2025,Silver
991,992,Thomas Stevens,vargasmatthew@example.org,+91-xxx-xxx-xxxx,"8783 Joseph Stravenue Suite 016, Port Gabriella, MT 87537",25-06-2024,Silver
992,993,Laura Ruiz,katherine70@example.org,+91-xxx-xxx-xxxx,"0015 Laura Walk, Port Rachelside, TX 13121",30-07-2024,Silver
993,994,Mario Odom MD,sheilarobbins@example.org,+91-xxx-xxx-xxxx,"87583 Tabitha Bypass, West Denise, LA 20244",24-03-2025,Silver
994,995,Deanna Johnson,ycook@example.org,+91-xxx-xxx-xxxx,"601 Contreras Forges, Michaelfurt, KY 30733",01-11-2023,Silver
995,996,Jerry Mcdaniel,walkerlisa@example.net,+91-xxx-xxx-xxxx,"34746 Smith Gateway, New Sarah, AS 12715",10-02-2025,Silver
996,997,Jodi Simpson,eric24@example.org,+91-xxx-xxx-xxxx,"2876 Tucker Road Suite 947, North Tommyborough, AL 11339",18-04-2024,Bronze
997,998,Crystal Brown,pshaffer@example.net,+91-xxx-xxx-xxxx,"095 Janice Forest Suite 570, Boltonmouth, DE 73081",30-08-2024,Bronze
998,999,Gregory Duarte,caitlindunlap@example.org,+91-xxx-xxx-xxxx,"Unit 6377 Box 7662, DPO AP 03300",16-05-2024,Gold
999,1000,Jason Walls,michael42@example.com,+91-xxx-xxx-xxxx,"95002 Bruce Rue, Camachoport, MH 58723",10-12-2024,Bronze
